,core_name,latitude,longitude,elevation,year,depth_to_550,depth_to_830,source,citation,region,FDM_point_index,FDM_latitude,FDM_longitude,FDM_rlat,FDM_rlon,FDM_depth_to_550,FDM_depth_to_830,Fit_R2,Fit_model,Fit_failed
1,T15 1959,70.303,-44.57,2491.0,1959,10.41,,SUMUP 2024,Renaud et al. (1959),Greenland,19474,70.2581,-44.6186,256,153,12.63,74.25,0.996,Power law,0.0
2,T31_1959,70.909,-40.64,3008.0,1959,11.654,,SUMUP 2024,Renaud et al. (1959),Greenland,21141,70.8721,-40.7053,266,180,15.45,78.1,0.996,Power law,0.0
3,T43_1959,71.117,-37.317,3174.0,1959,12.924,,SUMUP 2024,Renaud et al. (1959),Greenland,21779,71.0999,-37.3457,270,202,16.25,75.89,0.994,Power law,0.0
4,T53_1959,71.35,-33.483,2867.0,1959,15.107,,SUMUP 2024,Renaud et al. (1959),Greenland,22573,71.3062,-33.4412,275,227,15.48,74.03,0.994,Power law,0.0
5,T61_1959,72.233,-32.333,2750.0,1959,12.867,,SUMUP 2024,Renaud et al. (1959),Greenland,25649,72.2844,-32.4002,295,232,15.73,73.53,0.993,Power law,0.0
6,Camp Century,77.183,-61.167,1886.0,1963,12.35,72.1,SUMUP 2024,Kovacs et al. (1969) as in Spencer et al. (2001),Greenland,45755,77.1745,-61.2036,412,98,11.51,64.82,0.993,Power law,0.0
7,Site 2,76.983,-56.067,2000.0,1965,11.818,73.299,SUMUP 2024,Langway (1967) as in Spencer et al. (2001),Greenland,43331,76.9543,-56.1066,400,118,13.78,75.89,0.995,Logarithmic,0.0
8,Carrefour 1967,69.824,-47.432,1850.0,1967,7.155,,SUMUP 2024,Ambach 1970,Greenland,18402,69.8203,-47.3939,250,133,6.7,59.31,0.983,Logarithmic,0.0
9,Inge Lehmann,77.95,-39.183,2407.0,1973,15.712,58.5,SUMUP 2024,Gow (1973) as in Spencer et al. (2001),Greenland,44816,77.9452,-39.1671,407,194,15.19,66.05,0.99,Power law,0.0
10,1D (3001),64.85,-43.347,2708.0,1981,2.465,,SUMUP 2024,van der Veen et al. (2001),Greenland,4898,64.8287,-43.3417,147,151,11.36,75.95,0.996,Power law,0.0
11,8D (3008),64.85,-43.347,2708.0,1981,8.973,9.007,SUMUP 2024,van der Veen et al. (2001),Greenland,4898,64.8287,-43.3417,147,151,11.36,75.95,0.996,Power law,0.0
12,L1 (1001),65.388,-46.326,2029.0,1981,6.233,10.843,SUMUP 2024,van der Veen et al. (2001),Greenland,5999,65.3776,-46.3553,161,127,8.2,64.41,0.989,Power law,0.0
13,L2 (12.18),65.388,-46.327,2184.0,1981,10.286,12.811,SUMUP 2024,van der Veen et al. (2001),Greenland,5999,65.3776,-46.3553,161,127,8.2,64.41,0.989,Power law,0.0
14,L5 (15.12),65.388,-46.327,1967.0,1981,6.941,6.048,SUMUP 2024,van der Veen et al. (2001),Greenland,5999,65.3776,-46.3553,161,127,8.2,64.41,0.989,Power law,0.0
15,U3 (2003),64.933,-44.403,2574.0,1981,5.558,,SUMUP 2024,van der Veen et al. (2001),Greenland,5107,64.9303,-44.4255,150,142,11.01,68.12,0.993,Power law,0.0
16,U4 (2004),64.982,-45.973,2489.0,1981,9.424,11.55,SUMUP 2024,van der Veen et al. (2001),Greenland,5327,64.9962,-45.9835,153,129,9.41,66.69,0.992,Power law,0.0
17,U6 (2006),65.293,-44.166,2472.0,1981,9.732,12.08,SUMUP 2024,van der Veen et al. (2001),Greenland,5679,65.2949,-44.1681,157,145,10.8,70.85,0.995,Power law,0.0
18,U7 (2007),65.247,-44.591,2535.0,1981,10.212,13.93,SUMUP 2024,van der Veen et al. (2001),Greenland,5590,65.2224,-44.6259,156,141,10.69,68.28,0.993,Power law,0.0
19,Dye3-11B-1984,65.183,-43.833,2479.0,1983,11.825,,SUMUP 2024,"Clausen H.B., pers. comm. as in Spencer et al. (2001)",Greenland,5513,65.2116,-43.7884,155,148,11.09,72.68,0.996,Power law,0.0
20,Dye3-15B-1984,65.183,-43.833,2479.0,1983,13.082,,SUMUP 2024,"Clausen H.B., pers. comm. as in Spencer et al. (2001)",Greenland,5513,65.2116,-43.7884,155,148,11.09,72.68,0.996,Power law,0.0
21,Dye3-16C-1984,65.183,-43.833,2479.0,1983,15.361,,SUMUP 2024,"Clausen H.B., pers. comm. as in Spencer et al. (2001)",Greenland,5513,65.2116,-43.7884,155,148,11.09,72.68,0.996,Power law,0.0
22,Dye3-4B-1983,65.183,-43.833,2479.0,1983,11.062,75.628,SUMUP 2024,"Clausen H.B., pers. comm. as in Spencer et al. (2001)",Greenland,5513,65.2116,-43.7884,155,148,11.09,72.68,0.996,Power law,0.0
23,Dye3-5B-1984,65.183,-43.833,2479.0,1983,11.159,,SUMUP 2024,"Clausen H.B., pers. comm. as in Spencer et al. (2001)",Greenland,5513,65.2116,-43.7884,155,148,11.09,72.68,0.996,Power law,0.0
24,Dye3-9B-1984,65.183,-43.833,2479.0,1983,10.175,,SUMUP 2024,"Clausen H.B., pers. comm. as in Spencer et al. (2001)",Greenland,5513,65.2116,-43.7884,155,148,11.09,72.68,0.996,Power law,0.0
25,Dye3-station1-1983,65.183,-43.833,2479.0,1983,12.365,,SUMUP 2024,"Clausen H.B., pers. comm. as in Spencer et al. (2001)",Greenland,5513,65.2116,-43.7884,155,148,11.09,72.68,0.996,Power law,0.0
26,,65.1,-44.87,2625.0,1984,6.383,56.705,SUMUP 2024,Mayewski et al. (2016d),Greenland,5419,65.1112,-44.832,154,139,11.0,67.94,0.993,Logarithmic,0.0
27,Site 13,72.886,-38.843,3209.0,1987,13.8,,SUMUP 2024,van der Veen et al. (2001),Greenland,27447,72.8955,-38.86,306,193,16.73,74.08,0.993,Power law,0.0
28,Site 15,72.981,-36.296,3229.0,1987,14.158,,SUMUP 2024,van der Veen et al. (2001),Greenland,27779,72.9965,-36.3032,308,208,17.01,72.69,0.993,Power law,0.0
29,Site 31,72.349,-39.786,3151.0,1987,14.779,,SUMUP 2024,van der Veen et al. (2001),Greenland,25604,72.3366,-39.8075,295,187,16.77,77.61,0.994,Power law,0.0
30,Site 37,72.641,-34.055,3217.0,1987,12.987,,SUMUP 2024,van der Veen et al. (2001),Greenland,26476,72.5694,-33.9929,300,222,17.24,75.74,0.993,Power law,0.0
31,Site 51,71.927,-38.165,3150.0,1987,13.853,,SUMUP 2024,van der Veen et al. (2001),Greenland,24378,71.9489,-38.1455,287,197,16.96,76.97,0.994,Power law,0.0
32,Site 57,71.921,-34.04,3149.0,1987,7.579,,SUMUP 2024,van der Veen et al. (2001),Greenland,24553,71.9704,-34.1057,288,222,17.04,76.18,0.993,Power law,0.0
33,Site 571,72.212,-34.332,3149.0,1987,12.878,,SUMUP 2024,van der Veen et al. (2001),Greenland,25325,72.2254,-34.3867,293,220,17.3,76.65,0.993,Power law,0.0
34,Site 73,71.602,-37.864,3218.0,1987,14.875,,SUMUP 2024,van der Veen et al. (2001),Greenland,23323,71.5997,-37.8168,280,199,16.78,76.37,0.993,Power law,0.0
35,Site A,70.75,-35.958,3145.0,1987,14.5,81.167,SUMUP 2024, Alley (1987) as in Spencer et al. (2001),Greenland,20727,70.7437,-35.9841,263,211,16.49,76.03,0.993,Power law,0.0
36,Summit,72.294,-36.078,3263.0,1987,15.449,,SUMUP 2024,van der Veen et al. (2001),Greenland,25315,72.2445,-36.0242,293,210,17.34,75.99,0.993,Power law,0.0
37,,77.981,-37.704,3188.0,1987,14.158,,SUMUP 2024,"Bolzan and Strobel (1999a,b,c,d,e,f,g,h,i,j,k,l,m,n,o)",Greenland,44822,77.9499,-37.7382,407,200,15.08,66.42,0.99,Power law,0.0
38,,72.212,-35.667,3087.0,1987,12.878,,SUMUP 2024,"Bolzan and Strobel (2001a,b)",Greenland,25317,72.2418,-35.6965,293,212,17.41,76.03,0.993,Power law,0.0
39,,72.294,-37.921,3215.0,1987,8.028,,SUMUP 2024,"Bolzan and Strobel (2001a,b)",Greenland,25303,72.2494,-37.992,293,198,17.16,76.92,0.994,Power law,0.0
40,,71.602,-38.141,3168.0,1987,14.875,,SUMUP 2024,"Bolzan and Strobel (1999a,b,c,d,e,f,g,h,i,j,k,l,m,n,o)",Greenland,23321,71.5989,-38.1336,280,197,16.7,76.77,0.994,Power law,0.0
41,,71.921,-35.959,3090.0,1987,7.579,,SUMUP 2024,"Bolzan and Strobel (1999a,b,c,d,e,f,g,h,i,j,k,l,m,n,o)",Greenland,24248,71.8933,-35.891,286,211,17.26,76.0,0.993,Power law,0.0
42,,72.641,-35.944,3160.0,1987,12.987,,SUMUP 2024,"Bolzan and Strobel (1999a,b,c,d,e,f,g,h,i,j,k,l,m,n,o)",Greenland,26633,72.6444,-35.9914,301,210,17.43,74.93,0.993,Power law,0.0
43,,72.349,-40.214,3115.0,1987,14.779,,SUMUP 2024,"Bolzan and Strobel (1999a,b,c,d,e,f,g,h,i,j,k,l,m,n,o)",Greenland,25764,72.3824,-40.144,296,185,16.72,77.48,0.994,Power law,0.0
44,,72.886,-39.157,3167.0,1987,13.8,,SUMUP 2024,"Bolzan and Strobel (1999a,b,c,d,e,f,g,h,i,j,k,l,m,n,o)",Greenland,27445,72.8929,-39.1998,306,191,16.74,74.52,0.993,Power law,0.0
45,,71.927,-39.835,3112.0,1987,13.853,,SUMUP 2024,"Bolzan and Strobel (1999a,b,c,d,e,f,g,h,i,j,k,l,m,n,o)",Greenland,24518,71.9868,-39.7642,288,187,16.71,78.12,0.994,Power law,0.0
46,"Site A, (Crete)",70.635,-35.82,3092.0,1988,14.758,75.955,SUMUP 2024,Clausen et al. (1988) as in Spencer et al. (2001),Greenland,20403,70.6424,-35.8409,261,212,16.3,76.19,0.993,Power law,0.0
47,Site B,70.659,-35.479,3138.0,1988,16.965,77.726,SUMUP 2024,Clausen et al. (1988) as in Spencer et al. (2001),Greenland,20577,70.6894,-35.5346,262,214,16.31,75.95,0.993,Power law,0.0
48,Site C,70.677,-35.787,3072.0,1988,15.675,,SUMUP 2024,Clausen et al. (1988) as in Spencer et al. (2001),Greenland,20575,70.6924,-35.8368,262,212,16.37,76.0,0.993,Power law,0.0
49,Site D,70.64,-35.618,3018.0,1988,14.025,75.618,SUMUP 2024,Clausen et al. (1988) as in Spencer et al. (2001),Greenland,20576,70.691,-35.6857,262,213,16.36,75.96,0.993,Power law,0.0
50,Site E,71.759,-35.851,3087.0,1988,16.225,68.697,SUMUP 2024,Clausen et al. (1988) as in Spencer et al. (2001),Greenland,23953,71.7934,-35.8995,284,211,17.11,75.85,0.993,Power law,0.0
51,Site F,71.492,-35.881,3092.0,1988,16.225,,SUMUP 2024,Clausen et al. (1988) as in Spencer et al. (2001),Greenland,23016,71.4935,-35.9246,278,211,16.93,75.35,0.993,Power law,0.0
52,Site G,71.155,-35.838,3098.0,1988,15.125,,SUMUP 2024,Clausen et al. (1988) as in Spencer et al. (2001),Greenland,21949,71.1422,-35.7983,271,212,16.73,75.26,0.993,Power law,0.0
53,Site H,70.865,-35.838,3102.0,1988,15.125,,SUMUP 2024,Clausen et al. (1988) as in Spencer et al. (2001),Greenland,21024,70.8423,-35.8242,265,212,16.51,75.72,0.993,Power law,0.0
54,Site J,66.87,-46.26,2030.0,1989,8.062,52.603,SUMUP 2024,Kameda et al. (1995),Greenland,9377,66.8484,-46.2718,190,132,6.73,63.8,0.973,Power law,0.0
55,Summit_EUROCORE,72.58,-37.64,,1989,17.663,73.887,SUMUP 2024,"Fourteau (2019a,b,c)",Greenland,26454,72.5999,-37.6672,300,200,17.02,74.61,0.993,Power law,0.0
56,,72.58,-38.459,3216.0,1989,0.841,,SUMUP 2024,Mayewski and Whitlow (2016),Greenland,26279,72.5475,-38.5003,299,195,17.02,76.21,0.994,Power law,0.0
57,,72.58,-38.459,3216.0,1989,0.109,,SUMUP 2024,Mayewski and Whitlow (2016),Greenland,26279,72.5475,-38.5003,299,195,17.02,76.21,0.994,Power law,0.0
58,,72.58,-38.459,3216.0,1989,0.208,,SUMUP 2024,Mayewski and Whitlow (2016),Greenland,26279,72.5475,-38.5003,299,195,17.02,76.21,0.994,Power law,0.0
59,,72.58,-38.459,3216.0,1989,1.312,,SUMUP 2024,Mayewski and Whitlow (2016),Greenland,26279,72.5475,-38.5003,299,195,17.02,76.21,0.994,Power law,0.0
60,GRIP,72.567,-37.617,3230.0,1990,16.435,80.73,SUMUP 2024," Johnsen, S. pers. comm. as in Spencer et al. (2001)",Greenland,26284,72.5499,-37.6667,299,200,17.07,75.1,0.993,Power law,0.0
61,,72.58,-38.459,3216.0,1990,3.45,,SUMUP 2024,Mayewski and Whitlow (2016),Greenland,26279,72.5475,-38.5003,299,195,17.04,76.22,0.994,Power law,0.0
62,,72.596,-38.422,3200.0,1990,3.419,,SUMUP 2024,Dibb et al. (2017),Greenland,26279,72.5475,-38.5003,299,195,17.04,76.22,0.994,Power law,0.0
63,BPRC_1993,65.293,-45.834,,1993,7.817,4.706,SUMUP 2024,BPRC 1993 in Jezek (2012),Greenland,5835,65.3071,-45.8494,159,131,9.66,66.89,0.992,Power law,0.0
64,ngt03C93.2_B16,73.94,-37.63,3040.0,1993,13.012,59.827,SUMUP 2024,"Wilhelms et al. (2000a,b,c,d)",Greenland,30599,73.8999,-37.6802,326,200,16.52,70.48,0.992,Power law,0.0
65,ngt06C93.2_B17,75.25,-37.625,2820.0,1993,14.21,59.285,SUMUP 2024,"Wilhelms et al. (2000a,b,c,d)",Greenland,35013,75.1999,-37.6954,352,200,16.6,69.61,0.991,Power law,0.0
66,ngt14C93.2_B18,76.617,-36.403,2508.0,1993,13.934,57.952,SUMUP 2024,"Wilhelms et al. (2000a,b,c,d)",Greenland,39956,76.5978,-36.4248,380,206,15.48,66.42,0.99,Power law,0.0
67,ngt19C.0_B19,78.0,-36.23,2234.0,1994,17.107,63.926,SUMUP 2024,NGT: Wilhelms (1996),Greenland,45245,78.0475,-36.2995,409,206,14.57,65.16,0.989,Power law,0.0
68,ngt27C94.2_B21,80.0,-41.137,2185.0,1994,15.316,58.327,SUMUP 2024,"Wilhelms et al. (2000a,b,c,d)",Greenland,52817,79.98,-41.202,448,188,15.01,66.28,0.99,Power law,0.0
69,Humboldt-E,78.598,-55.699,2045.0,1995,14.125,,SUMUP 2024,Mosley-Thompson et al. (2001),Greenland,49617,78.6597,-55.7047,432,130,14.49,66.69,0.989,Power law,0.0
70,Humboldt-M,78.527,-56.83,1995.0,1995,16.593,63.973,SUMUP 2024,Mosley-Thompson et al. (2001),Greenland,49426,78.5357,-56.8203,431,125,13.96,66.05,0.989,Power law,0.0
71,Humboldt-M2,78.527,-56.83,1995.0,1995,16.097,,SUMUP 2024,Mosley-Thompson et al. (2001),Greenland,49426,78.5357,-56.8203,431,125,13.96,66.05,0.989,Power law,0.0
72,Humboldt-N,78.751,-56.83,1905.0,1995,15.685,,SUMUP 2024,Mosley-Thompson et al. (2001),Greenland,50004,78.6937,-56.823,434,126,13.79,65.69,0.988,Power law,0.0
73,Humboldt-S,78.315,-56.826,2058.0,1995,13.91,,SUMUP 2024,Mosley-Thompson et al. (2001),Greenland,48872,78.3777,-56.8178,428,124,14.35,66.33,0.989,Power law,0.0
74,Humboldt-W,78.452,-57.958,1924.0,1995,13.213,,SUMUP 2024,Mosley-Thompson et al. (2001),Greenland,49421,78.4547,-57.9959,431,120,13.84,65.31,0.987,Power law,0.0
75,NASA-U_Henderson,73.842,-49.498,2369.0,1995,14.748,80.895,SUMUP 2024,Mosley-Thompson et al. (2001),Greenland,31503,73.8717,-49.4507,332,135,12.9,70.04,0.995,Power law,0.0
76,ngt37C95.2_B26,77.253,-49.217,2598.0,1995,13.63,64.752,SUMUP 2024,"Miller and Schwager (2000a,b)",Greenland,42814,77.1955,-49.2569,397,149,16.43,72.75,0.994,Power law,0.0
77,ngt42C95.2_B29,76.004,-43.492,2874.0,1995,16.393,64.067,SUMUP 2024,"Miller and Schwager (2000a,b)",Greenland,38176,76.0277,-43.5003,370,172,16.73,70.68,0.992,Power law,0.0
78,GITS-Core1,77.0,-61.095,,1996,13.8,,"""PKM standardized cores""",,Greenland,44929,76.9707,-61.0661,408,97,13.68,72.0,0.994,Power law,0.0
79,GITS_core_1_1996,77.143,-61.095,1887.0,1996,14.808,,SUMUP 2024,Mosley-Thompson et al. (2001),Greenland,45551,77.1283,-61.1173,411,98,13.53,69.14,0.992,Power law,0.0
80,GITS_core_2_1996,77.143,-61.095,1887.0,1996,14.251,83.311,SUMUP 2024,Mosley-Thompson et al. (2001),Greenland,45551,77.1283,-61.1173,411,98,13.53,69.14,0.992,Power law,0.0
81,Tunu-1,78.017,-33.994,2113.0,1996,13.742,,SUMUP 2024,Mosley-Thompson et al. (2001),Greenland,45048,77.9777,-33.9168,408,216,13.72,64.59,0.987,Power law,0.0
82,Tunu-N25,78.33,-33.888,2050.0,1996,13.853,,SUMUP 2024,Mosley-Thompson et al. (2001),Greenland,46277,78.2771,-33.8285,414,216,13.32,64.08,0.987,Power law,0.0
83,Tunu-N_main,78.017,-33.994,2113.0,1996,13.646,58.862,SUMUP 2024,Mosley-Thompson et al. (2001),Greenland,45048,77.9777,-33.9168,408,216,13.72,64.59,0.987,Power law,0.0
84,PARCA_7147_1997,71.05,-47.23,2134.0,1997,9.935,,SUMUP 2024,Mosley-Thompson et al. (2001),Greenland,22328,71.0449,-47.2387,274,138,12.27,73.19,0.995,Power law,0.0
85,PARCA_7247_1997,71.926,-47.487,2277.0,1997,12.301,,SUMUP 2024,Mosley-Thompson et al. (2001),Greenland,24928,71.8917,-47.5199,291,139,13.42,74.39,0.995,Power law,0.0
86,PARCA_7551_1997,75.0,-51.0,2200.0,1997,12.01,,SUMUP 2024,Mosley-Thompson et al. (2001),Greenland,35840,75.0627,-50.976,357,132,14.17,73.49,0.995,Power law,0.0
87,PARCA_7653B_1997,76.0,-53.0,2200.0,1997,12.715,,SUMUP 2024,Mosley-Thompson et al. (2001),Greenland,39535,76.0232,-52.9477,378,127,14.77,75.1,0.995,Power law,0.0
88,PARCA_NASAEASTA_1997,75.0,-30.0,2631.0,1997,11.906,,SUMUP 2024,Mosley-Thompson et al. (2001),Greenland,34693,74.9779,-29.9674,350,240,15.3,68.67,0.992,Power law,0.0
89,PARCA_NDYE3A&B_1997,66.0,-44.501,2640.0,1997,5.756,,SUMUP 2024,Mosley-Thompson et al. (2001),Greenland,6995,65.9847,-44.4807,171,144,11.48,69.99,0.993,Power law,0.0
90,PARCA_SDOMEA_1997,63.149,-44.817,2850.0,1997,9.248,,SUMUP 2024,Mosley-Thompson et al. (2001),Greenland,2406,63.1455,-44.8476,115,134,12.39,70.14,0.993,Power law,0.0
91,PARCA_STUNUA_1997,69.5,-34.5,2650.0,1997,12.683,,SUMUP 2024,Mosley-Thompson et al. (2001),Greenland,16573,69.5239,-34.5,239,222,14.04,76.67,0.995,Power law,0.0
92,South_Dome_1,63.0,-44.187,,1997,13.14,,"""PKM standardized cores""",,Greenland,2198,63.0313,-44.1581,112,140,12.76,87.72,0.995,Logarithmic,0.0
93,Dye 2 (Raven) Core A,66.478,-46.285,2119.0,1998,4.458,58.339,SUMUP 2024,Mosley-Thompson et al. (2001),Greenland,8455,66.4949,-46.2676,183,131,6.97,63.21,0.975,Power law,0.0
94,Dye 2 (Raven) Core B,66.478,-46.285,2119.0,1998,8.068,,SUMUP 2024,Mosley-Thompson et al. (2001),Greenland,8455,66.4949,-46.2676,183,131,6.97,63.21,0.975,Power law,0.0
95,PARCA_6345_1998,63.8,-45.0,2730.0,1998,11.841,,SUMUP 2024,Mosley-Thompson et al. (2001),Greenland,3352,63.7904,-45.0286,128,134,10.94,67.7,0.992,Power law,0.0
97,PARCA_6642B_1998,66.5,-42.5,2380.0,1998,10.965,,SUMUP 2024,Mosley-Thompson et al. (2001),Greenland,8082,66.5169,-42.5022,180,161,12.46,77.79,0.996,Power law,0.0
98,PARCA_6745_1998,67.5,-45.0,2250.0,1998,10.431,,SUMUP 2024,Mosley-Thompson et al. (2001),Greenland,10926,67.5235,-44.9517,202,144,9.64,66.8,0.989,Power law,0.0
99,PARCA_6841_1998,68.0,-41.0,2640.0,1998,11.411,,SUMUP 2024,Mosley-Thompson et al. (2001),Greenland,11868,68.0126,-40.9658,209,175,13.83,74.38,0.995,Power law,0.0
100,PARCA_6938_1998,69.0,-38.0,2920.0,1998,11.536,,SUMUP 2024,Mosley-Thompson et al. (2001),Greenland,14504,68.9491,-38.056,227,197,15.19,75.13,0.995,Power law,0.0
101,PARCA_6943_1998,69.2,-43.0,2500.0,1998,11.607,,SUMUP 2024,Mosley-Thompson et al. (2001),Greenland,15656,69.211,-42.9953,234,162,13.19,74.34,0.995,Power law,0.0
102,PARCA_6945_1998,69.0,-45.0,2150.0,1998,9.962,,SUMUP 2024,Mosley-Thompson et al. (2001),Greenland,15126,68.9809,-45.0372,231,147,10.74,69.38,0.992,Power law,0.0
103,PARCA_7145_1998,71.5,-45.0,2615.0,1998,11.384,,SUMUP 2024,Mosley-Thompson et al. (2001),Greenland,23590,71.5546,-44.946,282,154,14.91,78.22,0.995,Power law,0.0
104,PARCA_7249_1998,72.2,-49.4,2170.0,1998,11.455,,SUMUP 2024,Mosley-Thompson et al. (2001),Greenland,26383,72.244,-49.3812,300,129,13.21,81.4,0.996,Logarithmic,0.0
105,PARCA_7345_1998,73.0,-45.0,2815.0,1998,13.379,,SUMUP 2024,Mosley-Thompson et al. (2001),Greenland,28038,72.9624,-45.027,310,157,15.56,74.35,0.994,Power law,0.0
106,GC-Net_Summit,72.58,-38.505,3254.0,1999,1.281,0.491,SUMUP 2024,GEUS snow and firn data (2023),Greenland,26449,72.5975,-38.5031,300,195,17.27,76.12,0.994,Power law,0.0
107,NGRIP_1999,75.1,-42.32,2917.0,1999,17.738,,SUMUP 2024,Vallelonga et al. (2014),Greenland,34809,75.0996,-42.3593,351,176,16.68,71.97,0.992,Power law,0.0
108,Basin1,71.8,-42.4419,,2003,13.25,,"""PKM standardized cores""",,Greenland,24058,71.7861,-42.4646,285,170,15.76,78.79,0.996,Power law,0.0
109,Basin2,68.0,-44.8278,,2003,10.35,,"""PKM standardized cores""",,Greenland,12107,67.9824,-44.8361,211,146,9.74,67.37,0.99,Power law,0.0
110,Basin4,62.0,-46.34,,2003,3.83,,"""PKM standardized cores""",,Greenland,1098,61.9913,-46.343,94,117,5.73,57.54,0.962,Logarithmic,0.0
111,Basin5,63.93,-46.3539,,2003,5.68,,"""PKM standardized cores""",,Greenland,3765,63.9637,-46.332,133,123,9.72,69.0,0.991,Power law,0.0
112,Basin6,67.0,-41.7489,,2003,10.38,,"""PKM standardized cores""",,Greenland,9288,66.9923,-41.709,189,168,13.11,77.73,0.995,Power law,0.0
113,Basin7,67.52,-40.4061,,2003,10.27,,"""PKM standardized cores""",,Greenland,10569,67.5238,-40.3697,199,179,13.19,77.86,0.996,Power law,0.0
114,Basin8,70.0,-36.4,,2003,13.3,,"""PKM standardized cores""",,Greenland,17954,69.9461,-36.3342,247,209,16.21,78.29,0.996,Power law,0.0
115,Basin9,65.01,-44.87,,2003,11.26,,"""PKM standardized cores""",,Greenland,5255,65.0058,-44.9197,152,138,10.65,67.67,0.992,Power law,0.0
116,D1,64.5,-43.5,2580.0,2003,9.91,73.46,"""PKM standardized cores""",,Greenland,4425,64.5204,-43.5031,141,149,12.39,76.94,0.995,Power law,0.0
117,D2,71.8,-46.2,2534.0,2003,12.01,79.58,"""PKM standardized cores""",,Greenland,24478,71.8053,-46.1769,288,147,14.33,77.13,0.996,Power law,0.0
118,D3,69.8,-44.0,2433.0,2003,11.37,63.96,"""PKM standardized cores""",,Greenland,17727,69.7782,-44.0174,246,156,13.25,76.25,0.996,Power law,0.0
119,D4,71.4167,-44.0333,2999.0,2003,12.5,68.46,"""PKM standardized cores""",,Greenland,22964,71.385,-44.0916,278,159,14.83,78.05,0.996,Power law,0.0
120,D5,68.5,-42.9,2715.0,2003,11.6,65.85,"""PKM standardized cores""",,Greenland,13218,68.4596,-42.9445,219,161,12.7,72.09,0.995,Power law,0.0
121,Das1,66.0056,-43.9878,,2003,10.9,69.75,"""PKM standardized cores""",,Greenland,6999,66.007,-43.9947,171,148,12.24,71.96,0.995,Power law,0.0
122,Das2,67.5272,-36.0614,,2003,12.25,81.18,"""PKM standardized cores""",,Greenland,10602,67.5434,-36.0644,199,212,15.35,78.1,0.996,Power law,0.0
123,Sandy,72.55,-38.3167,3281.0,2003,9.51,76.68,"""PKM standardized cores""",,Greenland,26280,72.5483,-38.3336,299,196,17.36,76.31,0.994,Power law,0.0
124,ACT_1,66.0,-46.5511,,2004,4.85,,"""PKM standardized cores""",,Greenland,7199,65.9709,-46.5723,173,127,6.42,63.02,0.975,Power law,0.0
125,ACT_2,66.0119,-45.1581,2419.0,2004,12.91,73.56,"""PKM standardized cores""",,Greenland,7211,66.0538,-45.118,173,139,10.39,69.29,0.991,Power law,0.0
126,ACT_3,66.0,-43.6069,,2004,11.21,77.42,"""PKM standardized cores""",,Greenland,7002,66.0227,-43.6297,171,151,12.38,74.92,0.994,Power law,0.0
127,T12_2004_Apr,70.176,-45.34,2348.0,2004,12.066,,SUMUP 2024,Morris and Wingham (2014),Greenland,19297,70.1775,-45.333,255,148,12.69,74.65,0.996,Power law,0.0
128,T15_2004_Apr,70.303,-44.57,2491.0,2004,8.773,,SUMUP 2024,Morris and Wingham (2014),Greenland,19474,70.2581,-44.6186,256,153,13.29,75.0,0.996,Power law,0.0
129,T19_2004_Apr,70.47,-43.56,2659.0,2004,10.572,,SUMUP 2024,Morris and Wingham (2014),Greenland,20180,70.5003,-43.4995,260,161,14.39,77.3,0.996,Power law,0.0
130,T21_2004_May,70.544,-43.02,2737.0,2004,11.224,,SUMUP 2024,Morris and Wingham (2014),Greenland,20183,70.5147,-43.0522,260,164,14.54,77.34,0.996,Power law,0.0
131,T21_2004_May_a,70.544,-43.02,2737.0,2004,11.252,,SUMUP 2024,Morris and Wingham (2014),Greenland,20183,70.5147,-43.0522,260,164,14.54,77.34,0.996,Power law,0.0
132,T21_2004_Sep,70.544,-43.02,2737.0,2004,8.942,,SUMUP 2024,Morris and Wingham (2014),Greenland,20183,70.5147,-43.0522,260,164,14.54,77.34,0.996,Power law,0.0
133,T23_2004_May,70.625,-42.58,2794.0,2004,11.252,,SUMUP 2024,Morris and Wingham (2014),Greenland,20358,70.5778,-42.617,261,167,14.64,77.4,0.996,Power law,0.0
134,T27_2004_May,70.775,-41.54,2913.0,2004,11.128,,SUMUP 2024,Morris and Wingham (2014),Greenland,20837,70.7541,-41.5978,264,174,15.26,78.12,0.996,Power law,0.0
135,T31_2004_May,70.909,-40.64,3008.0,2004,12.415,,SUMUP 2024,Morris and Wingham (2014),Greenland,21141,70.8721,-40.7053,266,180,15.69,78.07,0.996,Power law,0.0
136,T35_2004_May,70.976,-39.55,3096.0,2004,11.66,,SUMUP 2024,Morris and Wingham (2014),Greenland,21455,70.9892,-39.4955,268,188,16.26,78.06,0.996,Power law,0.0
137,T41_2004_Aug,71.079,-37.92,3201.0,2004,11.125,,SUMUP 2024,Morris and Wingham (2014),Greenland,21617,71.0494,-37.9618,269,198,16.61,77.02,0.995,Power law,0.0
138,T41_2004_Aug_b,71.079,-37.92,3201.0,2004,11.198,,SUMUP 2024,Morris and Wingham (2014),Greenland,21617,71.0494,-37.9618,269,198,16.61,77.02,0.995,Power law,0.0
139,T41_2004_Aug_c,71.079,-37.92,3201.0,2004,12.256,,SUMUP 2024,Morris and Wingham (2014),Greenland,21617,71.0494,-37.9618,269,198,16.61,77.02,0.995,Power law,0.0
140,T41_2004_May,71.079,-37.92,3201.0,2004,11.575,,SUMUP 2024,Morris and Wingham (2014),Greenland,21617,71.0494,-37.9618,269,198,16.61,77.02,0.995,Power law,0.0
141,T41_2004_May_a,71.079,-37.92,3201.0,2004,11.326,,SUMUP 2024,Morris and Wingham (2014),Greenland,21617,71.0494,-37.9618,269,198,16.61,77.02,0.995,Power law,0.0
142,T41_2004_May_c,71.079,-37.92,3201.0,2004,11.684,,SUMUP 2024,Morris and Wingham (2014),Greenland,21617,71.0494,-37.9618,269,198,16.61,77.02,0.995,Power law,0.0
143,,72.55,-38.1,3209.0,2005,0.64,,SUMUP 2024,Chellman et al. (2009),Greenland,26108,72.4989,-38.1651,298,197,17.35,76.57,0.994,Power law,0.0
144,T05_2006_Aug,69.851,-47.25,1940.0,2006,7.886,8.705,SUMUP 2024,Morris and Wingham (2014),Greenland,18403,69.8284,-47.251,250,134,7.57,65.92,0.982,Power law,0.0
145,T09_2006_Aug,70.02,-46.31,2144.0,2006,6.526,,SUMUP 2024,Morris and Wingham (2014),Greenland,18943,70.0303,-46.3107,253,141,10.56,70.62,0.993,Power law,0.0
146,T12_2006_May,70.176,-45.34,2348.0,2006,5.845,,SUMUP 2024,Morris and Wingham (2014),Greenland,19297,70.1775,-45.333,255,148,12.69,74.9,0.996,Power law,0.0
147,T15_2006_Aug,70.303,-44.57,2491.0,2006,6.17,,SUMUP 2024,Morris and Wingham (2014),Greenland,19474,70.2581,-44.6186,256,153,13.32,75.25,0.996,Power law,0.0
148,T15_2006_May,70.303,-44.57,2491.0,2006,7.396,,SUMUP 2024,Morris and Wingham (2014),Greenland,19474,70.2581,-44.6186,256,153,13.32,75.25,0.996,Power law,0.0
149,T19_2006_Aug,70.47,-43.56,2659.0,2006,7.9,,SUMUP 2024,Morris and Wingham (2014),Greenland,20180,70.5003,-43.4995,260,161,14.46,77.56,0.997,Power law,0.0
150,T19_2006_May,70.47,-43.56,2659.0,2006,9.08,,SUMUP 2024,Morris and Wingham (2014),Greenland,20180,70.5003,-43.4995,260,161,14.46,77.56,0.997,Power law,0.0
151,T21_2006_Aug,70.544,-43.02,2737.0,2006,5.887,,SUMUP 2024,Morris and Wingham (2014),Greenland,20183,70.5147,-43.0522,260,164,14.62,77.57,0.996,Power law,0.0
152,T21_2006_Aug_a,70.544,-43.02,2737.0,2006,7.548,,SUMUP 2024,Morris and Wingham (2014),Greenland,20183,70.5147,-43.0522,260,164,14.62,77.57,0.996,Power law,0.0
153,T31_2006_May,70.909,-40.64,3008.0,2006,7.527,,SUMUP 2024,Morris and Wingham (2014),Greenland,21141,70.8721,-40.7053,266,180,15.65,78.16,0.996,Power law,0.0
154,T35_2006_Jul,70.976,-39.55,3096.0,2006,7.103,,SUMUP 2024,Morris and Wingham (2014),Greenland,21455,70.9892,-39.4955,268,188,16.2,78.14,0.996,Power law,0.0
155,T35_2006_May,70.976,-39.55,3096.0,2006,6.905,,SUMUP 2024,Morris and Wingham (2014),Greenland,21455,70.9892,-39.4955,268,188,16.2,78.14,0.996,Power law,0.0
156,T41_2006_Jul,71.079,-37.92,3201.0,2006,9.259,,SUMUP 2024,Morris and Wingham (2014),Greenland,21617,71.0494,-37.9618,269,198,16.49,77.05,0.996,Power law,0.0
157,T41_2006_Jul_a,71.079,-37.92,3201.0,2006,8.408,,SUMUP 2024,Morris and Wingham (2014),Greenland,21617,71.0494,-37.9618,269,198,16.49,77.05,0.996,Power law,0.0
158,T41_2006_May,71.079,-37.92,3201.0,2006,8.555,,SUMUP 2024,Morris and Wingham (2014),Greenland,21617,71.0494,-37.9618,269,198,16.49,77.05,0.996,Power law,0.0
159,T41_2006_May_c,71.079,-37.92,3201.0,2006,9.014,,SUMUP 2024,Morris and Wingham (2014),Greenland,21617,71.0494,-37.9618,269,198,16.49,77.05,0.996,Power law,0.0
160,,72.55,-38.309,3210.0,2006,8.504,,SUMUP 2024,Fain et al. (2009),Greenland,26280,72.5483,-38.3336,299,196,17.27,76.36,0.995,Power law,0.0
161,CP_2007,69.9,-47.0,2000.0,2007,12.709,80.138,SUMUP 2024,Porter and Mosley-Thompson (2014),Greenland,18580,69.8936,-46.9875,251,136,7.94,67.38,0.984,Power law,0.0
162,NEEM07S3,77.45,-51.06,2460.0,2007,15.205,76.728,SUMUP 2024,Steen-Larsen et al. (2011),Greenland,43942,77.4159,-51.0931,403,142,16.43,72.86,0.994,Power law,0.0
163,T1-1,70.0,-48.060967,1710.0,2007,0.35,,"""PKM standardized cores""",,Greenland,19107,69.9836,-48.0657,254,129,2.96,57.59,0.912,Power law,0.0
164,T2-1,70.0,-47.880203,1750.0,2007,2.93,,"""PKM standardized cores""",,Greenland,19108,69.9923,-47.9218,254,130,3.46,59.84,0.947,Power law,0.0
165,T3-1,70.0,-47.670183,1819.0,2007,0.415,,"""PKM standardized cores""",,Greenland,19110,70.0092,-47.6338,254,132,5.54,63.76,0.969,Power law,0.0
167,,69.757,-47.88,1750.0,2007,8.1,,SUMUP 2024,Harper et al. (2012),Greenland,18399,69.7952,-47.8222,250,130,4.28,59.92,0.946,Logarithmic,0.0
168,,69.784,-47.67,1819.0,2007,8.762,5.574,SUMUP 2024,Harper et al. (2012),Greenland,18400,69.8037,-47.6795,250,131,4.57,60.78,0.947,Logarithmic,0.0
169,,69.801,-47.568,1845.0,2007,6.787,,SUMUP 2024,Harper et al. (2012),Greenland,18401,69.812,-47.5368,250,132,5.25,62.79,0.958,Logarithmic,0.0
170,,69.806,-47.542,1856.0,2007,2.009,,SUMUP 2024,Harper et al. (2012),Greenland,18401,69.812,-47.5368,250,132,5.25,62.79,0.958,Logarithmic,0.0
171,,69.793,-47.608,1835.0,2007,8.719,,SUMUP 2024,Harper et al. (2012),Greenland,18223,69.7544,-47.6552,249,131,4.34,60.02,0.946,Logarithmic,0.0
172,,69.82,-47.45,1877.0,2007,1.874,,SUMUP 2024,Harper et al. (2012),Greenland,18577,69.8696,-47.4177,251,133,6.27,65.22,0.974,Power law,0.0
173,,69.848,-47.274,1932.0,2007,4.009,,SUMUP 2024,Harper et al. (2012),Greenland,18403,69.8284,-47.251,250,134,6.69,65.91,0.977,Power law,0.0
174,,69.876,-47.01,1997.0,2007,6.64,,SUMUP 2024,Harper et al. (2012),Greenland,18580,69.8936,-46.9875,251,136,7.94,67.38,0.984,Power law,0.0
175,,69.876,-47.01,1997.0,2007,9.473,,SUMUP 2024,Harper et al. (2012),Greenland,18580,69.8936,-46.9875,251,136,7.94,67.38,0.984,Power law,0.0
176,,69.876,-47.01,1997.0,2007,8.993,,SUMUP 2024,Harper et al. (2012),Greenland,18580,69.8936,-46.9875,251,136,7.94,67.38,0.984,Power law,0.0
177,,69.876,-47.01,1997.0,2007,5.607,,SUMUP 2024,Harper et al. (2012),Greenland,18580,69.8936,-46.9875,251,136,7.94,67.38,0.984,Power law,0.0
178,,69.876,-47.01,1997.0,2007,9.339,,SUMUP 2024,Harper et al. (2012),Greenland,18580,69.8936,-46.9875,251,136,7.94,67.38,0.984,Power law,0.0
179,,72.594,-38.625,3210.0,2007,16.585,,SUMUP 2024,Adolph et al. (2014),Greenland,26448,72.5966,-38.6702,300,194,17.05,76.33,0.995,Power law,0.0
194,2009S2_Keegan,77.45,-51.06,2460.0,2009,13.82,65.28,SUMUP 2024,Baker et al. (2009),Greenland,43942,77.4159,-51.0931,403,142,16.11,72.68,0.994,Power law,0.0
195,NEEM2009S2_Baker,77.45,-51.06,,2009,18.456,,SUMUP 2024,Baker et al. (2009),Greenland,43942,77.4159,-51.0931,403,142,16.11,72.68,0.994,Power law,0.0
196,,72.55,-38.1,3209.0,2009,0.785,,SUMUP 2024,Chellman et al. (2009),Greenland,26108,72.4989,-38.1651,298,197,17.23,76.62,0.995,Power law,0.0
198,ACT10A,65.697,-41.481,,2010,7.288,40.096,SUMUP 2024,Miège et al. (2013),Greenland,6218,65.6954,-41.4877,163,168,6.69,86.87,0.984,Logarithmic,0.0
199,ACT10B,65.775,-41.867,,2010,10.508,,SUMUP 2024,Miège et al. (2013),Greenland,6410,65.7847,-41.8667,165,165,8.96,88.54,0.991,Logarithmic,0.0
200,ACT10C,66.0,-42.783,,2010,9.098,,SUMUP 2024,Miège et al. (2013),Greenland,6905,66.006,-42.7654,170,158,11.0,82.02,0.994,Logarithmic,0.0
201,ACT10_A,66.0,-41.4667,1825.0,2010,5.07,,"""PKM standardized cores""",,Greenland,6916,66.0479,-41.4228,170,169,9.18,84.23,0.991,Logarithmic,0.0
202,T21_2010_Jul,70.544,-43.02,2737.0,2010,4.909,,SUMUP 2024,Morris and Wingham (2014),Greenland,20183,70.5147,-43.0522,260,164,14.28,77.52,0.996,Power law,0.0
203,T21_2010_Jun,70.544,-43.02,2737.0,2010,3.579,,SUMUP 2024,Morris and Wingham (2014),Greenland,20183,70.5147,-43.0522,260,164,14.28,77.52,0.996,Power law,0.0
204,T27_2010_Jun,70.775,-41.54,2913.0,2010,4.594,,SUMUP 2024,Morris and Wingham (2014),Greenland,20837,70.7541,-41.5978,264,174,14.91,78.16,0.997,Power law,0.0
205,T31_2010_Jun,70.909,-40.64,3008.0,2010,5.874,,SUMUP 2024,Morris and Wingham (2014),Greenland,21141,70.8721,-40.7053,266,180,15.38,78.13,0.997,Power law,0.0
208,ACT11B,66.217,-39.566,,2011,3.209,58.646,SUMUP 2024,Miège et al. (2013),Greenland,7143,66.1852,-39.5947,172,184,3.48,78.22,0.97,Logarithmic,0.0
209,ACT11C,66.291,-40.746,,2011,3.486,,SUMUP 2024,Miège et al. (2013),Greenland,7471,66.3152,-40.7219,175,175,8.36,82.78,0.993,Logarithmic,0.0
210,ACT11D,66.479,-46.31,,2011,6.19,54.187,SUMUP 2024,Miège et al. (2013),Greenland,8455,66.4949,-46.2676,183,131,5.09,64.49,0.959,Logarithmic,0.0
214,GrIT_20110430,77.265,-58.528,,2011,5.34,,SUMUP 2024,Hawley et al. (2014),Greenland,45355,77.2985,-58.5237,410,110,14.47,75.43,0.997,Power law,0.0
215,GrIT_20110508,76.5,-43.732,2803.0,2011,8.694,,SUMUP 2024,Hawley et al. (2014),Greenland,39922,76.5252,-43.7142,380,172,16.92,69.93,0.991,Power law,0.0
216,GrIT_20110512,74.422,-39.294,,2011,1.899,,SUMUP 2024,Hawley et al. (2014),Greenland,32229,74.3923,-39.3571,336,191,16.75,70.34,0.992,Power law,0.0
217,GrIT_20110528,77.371,-55.927,,2011,7.796,,SUMUP 2024,Hawley et al. (2014),Greenland,44743,77.3331,-55.9453,407,121,14.99,74.87,0.997,Power law,0.0
218,NEEM2011S1,77.45,-51.06,2460.0,2011,15.035,73.613,SUMUP 2024,Sigl et al. (2013),Greenland,43942,77.4159,-51.0931,403,142,16.17,72.8,0.995,Power law,0.0
220,T21_2011_Aug,70.544,-43.02,2737.0,2011,3.698,,SUMUP 2024,Morris and Wingham (2014),Greenland,20183,70.5147,-43.0522,260,164,14.06,77.42,0.996,Power law,0.0
221,T21_2011_Jul,70.544,-43.02,2737.0,2011,3.291,,SUMUP 2024,Morris and Wingham (2014),Greenland,20183,70.5147,-43.0522,260,164,14.06,77.42,0.996,Power law,0.0
222,T23_2011_Jul,70.625,-42.58,2794.0,2011,2.517,,SUMUP 2024,Morris and Wingham (2014),Greenland,20358,70.5778,-42.617,261,167,14.16,77.42,0.996,Power law,0.0
223,T27_2011_Jul,70.775,-41.54,2913.0,2011,3.682,,SUMUP 2024,Morris and Wingham (2014),Greenland,20837,70.7541,-41.5978,264,174,14.74,78.08,0.996,Power law,0.0
224,T31_2011_Jul,70.909,-40.64,3008.0,2011,4.606,,SUMUP 2024,Morris and Wingham (2014),Greenland,21141,70.8721,-40.7053,266,180,15.25,78.08,0.996,Power law,0.0
225,EastGRIP,75.623,-35.96,2702.0,2012,18.366,65.329,SUMUP 2024,Vallelonga et al. (2014),Greenland,36444,75.5947,-35.8951,360,209,16.87,69.62,0.989,Power law,0.0
226,NG2012,75.017,-42.533,2917.0,2012,16.166,,SUMUP 2024,Freitag et al. (2021)               ,Greenland,34450,74.9958,-42.5203,349,175,16.52,72.69,0.994,Power law,0.0
227,,72.55,-38.1,3209.0,2012,0.52,,SUMUP 2024,Chellman et al. (2009),Greenland,26108,72.4989,-38.1651,298,197,17.04,76.58,0.995,Power law,0.0
233,,72.55,-38.1,3209.0,2013,0.502,,SUMUP 2024,Chellman et al. (2009),Greenland,26108,72.4989,-38.1651,298,197,16.93,76.54,0.996,Power law,0.0
237,,66.982,-46.119,2060.0,2013,7.212,6.512,SUMUP 2024,Machguth et al. (2016),Greenland,9757,67.0112,-46.0753,193,134,3.04,66.37,0.931,Logarithmic,0.0
238,,66.478,-46.285,2119.0,2013,6.345,11.951,SUMUP 2024,Machguth et al. (2016),Greenland,8455,66.4949,-46.2676,183,131,3.0,64.58,0.928,Logarithmic,0.0
239,,66.473,-46.283,2119.0,2013,3.895,4.675,SUMUP 2024,Machguth et al. (2016),Greenland,8455,66.4949,-46.2676,183,131,3.0,64.58,0.928,Logarithmic,0.0
240,,66.985,-45.755,2142.0,2013,8.478,5.262,SUMUP 2024,Machguth et al. (2016),Greenland,9632,66.9757,-45.8049,192,136,4.15,67.86,0.949,Logarithmic,0.0
241,,66.983,-45.045,2266.0,2013,7.445,5.186,SUMUP 2024,Machguth et al. (2016),Greenland,9512,66.9654,-45.0306,191,142,6.49,69.36,0.972,Logarithmic,0.0
242,,66.985,-44.394,2361.0,2013,6.145,2.815,SUMUP 2024,Machguth et al. (2016),Greenland,9517,66.9953,-44.3981,191,147,8.32,70.59,0.982,Logarithmic,0.0
243,,73.873,-41.8,,2013,1.662,,SUMUP 2024,Polashenski et al. (2015),Greenland,30576,73.857,-41.8174,326,177,16.53,74.76,0.995,Power law,0.0
244,,77.058,-49.6,,2013,0.623,,SUMUP 2024,Polashenski et al. (2015),Greenland,42455,77.0779,-49.6065,395,147,16.42,74.4,0.995,Power law,0.0
245,,77.042,-54.517,,2013,1.619,,SUMUP 2024,Polashenski et al. (2015),Greenland,43152,77.0085,-54.5629,399,125,14.38,76.33,0.996,Power law,0.0
246,,77.217,-61.022,,2013,1.663,,SUMUP 2024,Polashenski et al. (2015),Greenland,45756,77.1935,-60.9966,412,99,12.46,68.7,0.991,Power law,0.0
247,,78.0,-58.0,,2013,1.337,,SUMUP 2024,Polashenski et al. (2015),Greenland,47932,78.0279,-58.0252,423,117,13.53,65.44,0.986,Power law,0.0
251,,77.444,-51.069,2450.0,2015,1.762,,SUMUP 2024,Schaller et al. (2016),Greenland,43942,77.4159,-51.0931,403,142,15.71,72.66,0.995,Power law,0.0
252,,77.367,-50.11,2501.0,2015,1.746,,SUMUP 2024,Schaller et al. (2016),Greenland,43550,77.3613,-50.104,401,146,16.01,72.44,0.994,Power law,0.0
253,,77.254,-49.231,2552.0,2015,1.698,,SUMUP 2024,Schaller et al. (2016),Greenland,42814,77.1955,-49.2569,397,149,16.23,73.32,0.995,Power law,0.0
254,,77.12,-48.171,2596.0,2015,1.717,,SUMUP 2024,Schaller et al. (2016),Greenland,42640,77.1925,-48.1116,396,154,16.52,72.37,0.994,Power law,0.0
255,,76.982,-47.138,2652.0,2015,1.477,,SUMUP 2024,Schaller et al. (2016),Greenland,41950,77.0287,-47.0813,392,158,16.77,72.41,0.994,Power law,0.0
256,,76.325,-43.061,2782.0,2015,1.503,,SUMUP 2024,Schaller et al. (2016),Greenland,39238,76.3407,-42.9967,376,175,16.57,69.34,0.991,Power law,0.0
257,,76.178,-41.16,2766.0,2015,1.123,,SUMUP 2024,Schaller et al. (2016),Greenland,38364,76.122,-41.2449,371,183,16.65,69.23,0.991,Power law,0.0
258,,76.105,-40.299,2757.0,2015,1.199,,SUMUP 2024,Schaller et al. (2016),Greenland,38550,76.1853,-40.2158,372,188,16.93,68.92,0.989,Power law,0.0
259,,75.935,-38.469,2725.0,2015,1.47,,SUMUP 2024,Schaller et al. (2016),Greenland,37488,75.8979,-38.5237,366,196,16.54,68.74,0.99,Power law,0.0
260,,75.858,-37.697,2708.0,2015,1.419,,SUMUP 2024,Schaller et al. (2016),Greenland,37315,75.8499,-37.7041,365,200,16.36,68.05,0.989,Power law,0.0
261,,75.706,-36.544,2670.0,2015,1.605,,SUMUP 2024,Schaller et al. (2016),Greenland,36789,75.6979,-36.4901,362,206,16.35,68.88,0.99,Power law,0.0
262,,75.629,-35.986,2663.0,2015,1.174,,SUMUP 2024,Schaller et al. (2016),Greenland,36269,75.5447,-35.9005,359,209,16.73,70.06,0.991,Power law,0.0
264,,65.999,-44.502,2464.0,2015,10.212,4.681,SUMUP 2024,Machguth et al. (2016),Greenland,6995,65.9847,-44.4807,171,144,9.82,70.42,0.987,Power law,0.0
266,,66.994,-44.385,2355.0,2015,9.962,,SUMUP 2024,MacFerrin et al. (2022),Greenland,9517,66.9953,-44.3981,191,147,9.43,69.89,0.986,Power law,0.0
267,,66.478,-42.496,2376.0,2015,5.472,,SUMUP 2024,MacFerrin et al. (2022),Greenland,7947,66.4671,-42.4917,179,161,10.87,78.32,0.993,Logarithmic,0.0
268,,66.478,-42.497,2378.0,2015,1.501,,SUMUP 2024,MacFerrin et al. (2022),Greenland,7947,66.4671,-42.4917,179,161,10.87,78.32,0.993,Logarithmic,0.0
269,,66.478,-42.496,2368.0,2015,6.355,,SUMUP 2024,MacFerrin et al. (2022),Greenland,7947,66.4671,-42.4917,179,161,10.87,78.32,0.993,Logarithmic,0.0
270,,66.478,-42.496,2384.0,2015,8.288,9.613,SUMUP 2024,MacFerrin et al. (2022),Greenland,7947,66.4671,-42.4917,179,161,10.87,78.32,0.993,Logarithmic,0.0
271,,65.999,-44.502,2451.0,2015,5.899,11.345,SUMUP 2024,MacFerrin et al. (2022),Greenland,6995,65.9847,-44.4807,171,144,9.82,70.42,0.987,Power law,0.0
272,,65.999,-44.502,2453.0,2015,7.395,5.418,SUMUP 2024,MacFerrin et al. (2022),Greenland,6995,65.9847,-44.4807,171,144,9.82,70.42,0.987,Power law,0.0
273,,66.478,-46.286,2126.0,2015,8.655,14.129,SUMUP 2024,MacFerrin et al. (2022),Greenland,8455,66.4949,-46.2676,183,131,3.95,63.51,0.939,Logarithmic,0.0
274,,69.876,-47.029,1942.0,2015,3.605,4.678,SUMUP 2024,MacFerrin et al. (2022),Greenland,18580,69.8936,-46.9875,251,136,5.53,67.36,0.959,Logarithmic,0.0
275,,69.877,-47.029,1942.0,2015,5.755,3.805,SUMUP 2024,MacFerrin et al. (2022),Greenland,18580,69.8936,-46.9875,251,136,5.53,67.36,0.959,Logarithmic,0.0
276,,75.625,-35.979,2661.0,2015,10.555,,SUMUP 2024,MacFerrin et al. (2022),Greenland,36269,75.5447,-35.9005,359,209,16.73,70.06,0.991,Power law,0.0
277,,72.577,-38.47,3203.0,2015,12.455,,SUMUP 2024,MacFerrin et al. (2022),Greenland,26279,72.5475,-38.5003,299,195,16.77,76.54,0.996,Power law,0.0
278,,72.577,-38.469,3203.0,2015,12.355,,SUMUP 2024,MacFerrin et al. (2022),Greenland,26279,72.5475,-38.5003,299,195,16.77,76.54,0.996,Power law,0.0
279,,66.362,-39.312,1664.0,2015,5.054,22.019,SUMUP 2024,Miller et al. (2018),Greenland,7482,66.3384,-39.36,175,186,2.63,75.94,0.911,Logarithmic,0.0
282,,68.892,-43.502,,2015,12.248,68.837,SUMUP 2024,Trusel et al. (2018),Greenland,14632,68.8934,-43.4717,228,158,10.91,71.87,0.993,Power law,0.0
283,2016_DYE-2 Pit 02,66.482,-46.291,2165.0,2016,0.344,,SUMUP 2024,GEUS snow and firn data (2023),Greenland,8455,66.4949,-46.2676,183,131,3.87,63.29,0.939,Logarithmic,0.0
284,2016_DYE-2 Pit 03,66.482,-46.291,2165.0,2016,0.884,,SUMUP 2024,GEUS snow and firn data (2023),Greenland,8455,66.4949,-46.2676,183,131,3.87,63.29,0.939,Logarithmic,0.0
286,EastGRIP Main Core,75.63,-36.0,2704.0,2016,18.124,62.299,SUMUP 2024,Rasmussen et al. (2023),Greenland,36791,75.6959,-36.0862,362,208,16.49,69.97,0.991,Power law,0.0
289,,66.985,-44.395,2314.0,2016,13.455,,SUMUP 2024,MacFerrin et al. (2022),Greenland,9517,66.9953,-44.3981,191,147,9.48,69.83,0.986,Power law,0.0
290,,66.478,-42.496,2372.0,2016,12.705,,SUMUP 2024,MacFerrin et al. (2022),Greenland,7947,66.4671,-42.4917,179,161,11.04,78.4,0.993,Logarithmic,0.0
291,,65.999,-44.502,2453.0,2016,15.955,,SUMUP 2024,MacFerrin et al. (2022),Greenland,6995,65.9847,-44.4807,171,144,9.95,70.42,0.987,Power law,0.0
292,,72.578,-38.469,3209.0,2016,15.755,,SUMUP 2024,MacFerrin et al. (2022),Greenland,26279,72.5475,-38.5003,299,195,16.74,76.54,0.996,Power law,0.0
293,,75.626,-35.978,2664.0,2016,14.96,,SUMUP 2024,MacFerrin et al. (2022),Greenland,36269,75.5447,-35.9005,359,209,16.77,70.12,0.991,Power law,0.0
294,,69.876,-47.031,1936.0,2016,9.707,6.719,SUMUP 2024,MacFerrin et al. (2022),Greenland,18580,69.8936,-46.9875,251,136,5.28,67.22,0.961,Logarithmic,0.0
295,,66.473,-46.283,2126.0,2016,10.261,9.161,SUMUP 2024,MacFerrin et al. (2022),Greenland,8455,66.4949,-46.2676,183,131,3.87,63.29,0.939,Logarithmic,0.0
301,,75.63,-35.98,2663.0,2016,1.718,,SUMUP 2024,Schaller et al. (2017),Greenland,36444,75.5947,-35.8951,360,209,16.91,69.78,0.99,Power law,0.0
302,,75.63,-35.98,2663.0,2016,1.634,,SUMUP 2024,Schaller et al. (2017),Greenland,36444,75.5947,-35.8951,360,209,16.91,69.78,0.99,Power law,0.0
303,,75.63,-35.98,2663.0,2016,1.712,,SUMUP 2024,Schaller et al. (2017),Greenland,36444,75.5947,-35.8951,360,209,16.91,69.78,0.99,Power law,0.0
304,,75.63,-35.98,2663.0,2016,1.713,,SUMUP 2024,Schaller et al. (2017),Greenland,36444,75.5947,-35.8951,360,209,16.91,69.78,0.99,Power law,0.0
305,,75.63,-35.98,2663.0,2016,2.095,,SUMUP 2024,Schaller et al. (2017),Greenland,36444,75.5947,-35.8951,360,209,16.91,69.78,0.99,Power law,0.0
306,,75.63,-35.98,2663.0,2016,2.163,,SUMUP 2024,Schaller et al. (2017),Greenland,36444,75.5947,-35.8951,360,209,16.91,69.78,0.99,Power law,0.0
307,,75.63,-35.98,2663.0,2016,1.788,,SUMUP 2024,Schaller et al. (2017),Greenland,36444,75.5947,-35.8951,360,209,16.91,69.78,0.99,Power law,0.0
308,,75.63,-35.98,2663.0,2016,3.002,,SUMUP 2024,Schaller et al. (2017),Greenland,36444,75.5947,-35.8951,360,209,16.91,69.78,0.99,Power law,0.0
309,,75.63,-35.98,2663.0,2016,1.635,,SUMUP 2024,Schaller et al. (2017),Greenland,36444,75.5947,-35.8951,360,209,16.91,69.78,0.99,Power law,0.0
310,,75.63,-35.98,2663.0,2016,1.914,,SUMUP 2024,Schaller et al. (2017),Greenland,36444,75.5947,-35.8951,360,209,16.91,69.78,0.99,Power law,0.0
311,,75.63,-35.98,2663.0,2016,1.674,,SUMUP 2024,Schaller et al. (2017),Greenland,36444,75.5947,-35.8951,360,209,16.91,69.78,0.99,Power law,0.0
312,,75.63,-35.98,2663.0,2016,1.942,,SUMUP 2024,Schaller et al. (2017),Greenland,36444,75.5947,-35.8951,360,209,16.91,69.78,0.99,Power law,0.0
313,,75.63,-35.98,2663.0,2016,1.668,,SUMUP 2024,Schaller et al. (2017),Greenland,36444,75.5947,-35.8951,360,209,16.91,69.78,0.99,Power law,0.0
314,,75.63,-35.98,2663.0,2016,1.931,,SUMUP 2024,Schaller et al. (2017),Greenland,36444,75.5947,-35.8951,360,209,16.91,69.78,0.99,Power law,0.0
315,,75.63,-35.98,2663.0,2016,1.902,,SUMUP 2024,Schaller et al. (2017),Greenland,36444,75.5947,-35.8951,360,209,16.91,69.78,0.99,Power law,0.0
316,,75.63,-35.98,2663.0,2016,1.785,,SUMUP 2024,Schaller et al. (2017),Greenland,36444,75.5947,-35.8951,360,209,16.91,69.78,0.99,Power law,0.0
317,,75.63,-35.98,2663.0,2016,1.622,,SUMUP 2024,Schaller et al. (2017),Greenland,36444,75.5947,-35.8951,360,209,16.91,69.78,0.99,Power law,0.0
318,,75.63,-35.98,2663.0,2016,1.696,,SUMUP 2024,Schaller et al. (2017),Greenland,36444,75.5947,-35.8951,360,209,16.91,69.78,0.99,Power law,0.0
323,,69.851,-47.253,,2016,1.397,0.768,SUMUP 2024,Otosaka et al. (2020),Greenland,18403,69.8284,-47.251,250,134,3.57,65.54,0.942,Logarithmic,0.0
324,,66.984,-45.753,,2016,7.739,18.733,SUMUP 2024,Graeter et al. (2018),Greenland,9632,66.9757,-45.8049,192,136,5.15,66.89,0.957,Logarithmic,0.0
325,,67.499,-44.999,,2016,6.301,7.59,SUMUP 2024,Graeter et al. (2018),Greenland,10926,67.5235,-44.9517,202,144,6.92,67.36,0.973,Logarithmic,0.0
326,,67.831,-45.094,,2016,6.22,5.048,SUMUP 2024,Graeter et al. (2018),Greenland,11837,67.8708,-45.0667,209,144,6.39,67.01,0.968,Logarithmic,0.0
327,,68.419,-44.911,,2016,8.812,9.118,SUMUP 2024,Graeter et al. (2018),Greenland,13203,68.3794,-44.9682,219,146,6.44,66.77,0.968,Logarithmic,0.0
328,,68.999,-45.0,,2016,7.736,7.507,SUMUP 2024,Graeter et al. (2018),Greenland,15126,68.9809,-45.0372,231,147,7.86,70.06,0.978,Logarithmic,0.0
329,,69.572,-45.346,,2016,10.332,6.989,SUMUP 2024,Graeter et al. (2018),Greenland,17186,69.5696,-45.3939,243,146,8.32,70.88,0.983,Logarithmic,0.0
330,,70.302,-44.564,,2016,9.913,,SUMUP 2024,Graeter et al. (2018),Greenland,19474,70.2581,-44.6186,256,153,12.23,75.02,0.996,Power law,0.0
331,Camp Century (Core B62),77.171,-61.078,1887.0,2017,11.262,48.667,SUMUP 2024,"Colgan et al. (2018), Colgan (2021)",Greenland,45551,77.1283,-61.1173,411,98,12.18,69.82,0.994,Power law,0.0
334,,66.985,-44.394,2361.0,2017,6.428,7.665,SUMUP 2024,MacFerrin et al. (2022),Greenland,9517,66.9953,-44.3981,191,147,9.86,69.98,0.988,Power law,0.0
335,,66.478,-42.496,2372.0,2017,11.448,,SUMUP 2024,MacFerrin et al. (2022),Greenland,7947,66.4671,-42.4917,179,161,11.19,78.51,0.994,Logarithmic,0.0
336,,65.999,-44.502,2453.0,2017,5.506,,SUMUP 2024,MacFerrin et al. (2022),Greenland,6995,65.9847,-44.4807,171,144,10.25,70.56,0.989,Power law,0.0
337,,66.473,-46.283,2126.0,2017,7.24,11.86,SUMUP 2024,MacFerrin et al. (2022),Greenland,8455,66.4949,-46.2676,183,131,4.24,62.9,0.947,Logarithmic,0.0
338,,66.473,-46.283,2126.0,2017,1.623,4.006,SUMUP 2024,MacFerrin et al. (2022),Greenland,8455,66.4949,-46.2676,183,131,4.24,62.9,0.947,Logarithmic,0.0
339,,69.876,-47.031,1936.0,2017,7.82,5.974,SUMUP 2024,MacFerrin et al. (2022),Greenland,18580,69.8936,-46.9875,251,136,5.74,66.94,0.967,Logarithmic,0.0
340,,75.626,-35.978,2664.0,2017,14.62,,SUMUP 2024,MacFerrin et al. (2022),Greenland,36269,75.5447,-35.9005,359,209,16.82,70.19,0.991,Power law,0.0
341,,72.578,-38.469,3209.0,2017,11.495,,SUMUP 2024,MacFerrin et al. (2022),Greenland,26279,72.5475,-38.5003,299,195,16.77,76.59,0.996,Power law,0.0
342,,69.852,-47.255,,2017,2.011,1.501,SUMUP 2024,Otosaka et al. (2020b),Greenland,18403,69.8284,-47.251,250,134,4.0,65.09,0.949,Logarithmic,0.0
343,,70.02,-46.306,,2017,1.813,1.761,SUMUP 2024,Otosaka et al. (2020b),Greenland,18943,70.0303,-46.3107,253,141,8.59,70.56,0.986,Logarithmic,0.0
344,,70.176,-45.345,,2017,4.969,2.315,SUMUP 2024,Otosaka et al. (2020b),Greenland,19297,70.1775,-45.333,255,148,11.33,74.52,0.995,Power law,0.0
345,,71.079,-37.92,,2017,2.336,,SUMUP 2024,Otosaka et al. (2020b),Greenland,21617,71.0494,-37.9618,269,198,15.87,77.06,0.996,Power law,0.0
346,,70.559,-46.731,,2017,4.405,5.36,SUMUP 2024,Lewis et al. (2019),Greenland,20803,70.5667,-46.7003,264,140,9.59,70.73,0.99,Power law,0.0
347,,71.043,-47.224,,2017,16.536,,SUMUP 2024,Lewis et al. (2019),Greenland,22328,71.0449,-47.2387,274,138,10.59,73.65,0.993,Power law,0.0
348,,71.926,-47.486,,2017,10.498,,SUMUP 2024,Lewis et al. (2019),Greenland,24928,71.8917,-47.5199,291,139,12.18,74.95,0.996,Power law,0.0
349,,72.2,-49.4,,2017,11.133,,SUMUP 2024,Lewis et al. (2019),Greenland,26383,72.244,-49.3812,300,129,11.3,81.04,0.995,Logarithmic,0.0
350,,72.535,-50.017,,2017,11.816,,SUMUP 2024,Lewis et al. (2019),Greenland,27380,72.5076,-50.066,306,126,7.76,59.17,0.98,Power law,0.0
351,,73.01,-50.131,,2017,9.613,,SUMUP 2024,Lewis et al. (2019),Greenland,28950,73.0175,-50.0854,316,128,8.8,63.35,0.989,Power law,0.0
352,,73.831,-49.478,,2017,10.671,,SUMUP 2024,Lewis et al. (2019),Greenland,31503,73.8717,-49.4507,332,135,12.18,70.47,0.996,Power law,0.0
353,,73.593,-47.197,,2017,12.46,,SUMUP 2024,Lewis et al. (2019),Greenland,30061,73.5273,-47.2367,323,146,13.89,74.1,0.996,Power law,0.0
354,,72.999,-44.997,,2017,12.208,,SUMUP 2024,Lewis et al. (2019),Greenland,28038,72.9624,-45.027,310,157,15.08,74.84,0.996,Power law,0.0
356,,66.865,-46.265,2060.0,2017,2.926,8.215,SUMUP 2024,Rennermalm et al. (2021),Greenland,9377,66.8484,-46.2718,190,132,3.49,64.05,0.94,Logarithmic,0.0
357,,66.865,-46.265,2060.0,2017,1.192,3.55,SUMUP 2024,Rennermalm et al. (2021),Greenland,9377,66.8484,-46.2718,190,132,3.49,64.05,0.94,Logarithmic,0.0
358,,66.478,-46.287,2112.0,2017,10.636,7.391,SUMUP 2024,Rennermalm et al. (2021),Greenland,8455,66.4949,-46.2676,183,131,4.24,62.9,0.947,Logarithmic,0.0
359,,66.535,-45.959,2163.0,2017,6.85,9.94,SUMUP 2024,Rennermalm et al. (2021),Greenland,8589,66.5657,-45.9143,184,134,5.8,66.05,0.964,Logarithmic,0.0
360,,66.985,-44.395,2355.0,2017,4.175,6.591,SUMUP 2024,Rennermalm et al. (2021),Greenland,9517,66.9953,-44.3981,191,147,9.86,69.98,0.988,Power law,0.0
361,2018-CP-30m,69.877,-47.011,,2018,15.904,10.799,SUMUP 2024,Harper and Humphrey (2023),Greenland,18580,69.8936,-46.9875,251,136,6.15,66.76,0.967,Logarithmic,0.0
362,2018-T5-30m,69.848,-47.274,,2018,12.509,8.535,SUMUP 2024,Harper and Humphrey (2023),Greenland,18403,69.8284,-47.251,250,134,4.54,64.7,0.948,Logarithmic,0.0
366,,66.983,-45.046,2266.0,2018,8.396,12.666,SUMUP 2024,Rennermalm et al. (2021),Greenland,9512,66.9654,-45.0306,191,142,8.6,68.41,0.983,Power law,0.0
367,,66.478,-46.287,2112.0,2018,7.996,5.457,SUMUP 2024,Rennermalm et al. (2021),Greenland,8455,66.4949,-46.2676,183,131,4.64,62.61,0.951,Logarithmic,0.0
368,,66.478,-46.287,2112.0,2018,4.035,3.004,SUMUP 2024,Rennermalm et al. (2021),Greenland,8455,66.4949,-46.2676,183,131,4.64,62.61,0.951,Logarithmic,0.0
369,,66.478,-46.287,2112.0,2018,2.677,4.813,SUMUP 2024,Rennermalm et al. (2021),Greenland,8455,66.4949,-46.2676,183,131,4.64,62.61,0.951,Logarithmic,0.0
370,,66.478,-46.287,2112.0,2018,4.117,4.432,SUMUP 2024,Rennermalm et al. (2021),Greenland,8455,66.4949,-46.2676,183,131,4.64,62.61,0.951,Logarithmic,0.0
371,,66.478,-46.287,2112.0,2018,5.228,4.355,SUMUP 2024,Rennermalm et al. (2021),Greenland,8455,66.4949,-46.2676,183,131,4.64,62.61,0.951,Logarithmic,0.0
375,2019-T4-32m,69.82,-47.45,,2019,7.713,13.48,SUMUP 2024,Harper and Humphrey (2023),Greenland,18577,69.8696,-47.4177,251,133,2.86,63.64,0.941,Logarithmic,0.0
376,DYE-2,66.481,-46.28,2100.0,2019,14.96,20.967,SUMUP 2024,GEUS snow and firn data (2023),Greenland,8455,66.4949,-46.2676,183,131,3.93,62.69,0.942,Logarithmic,0.0
377,,66.478,-46.289,2113.0,2019,6.787,6.936,SUMUP 2024,Rennermalm et al. (2021),Greenland,8455,66.4949,-46.2676,183,131,3.93,62.69,0.942,Logarithmic,0.0
379,,66.978,-46.628,1955.0,2019,2.055,3.665,SUMUP 2024,Rennermalm et al. (2021),Greenland,9753,66.982,-46.5798,193,130,1.68,60.67,0.914,Logarithmic,0.0
380,,66.983,-46.12,2056.0,2019,8.825,15.364,SUMUP 2024,Rennermalm et al. (2021),Greenland,9757,67.0112,-46.0753,193,134,3.82,64.53,0.946,Logarithmic,0.0
381,,66.985,-45.754,2128.0,2019,6.892,5.686,SUMUP 2024,Rennermalm et al. (2021),Greenland,9632,66.9757,-45.8049,192,136,5.11,66.43,0.957,Logarithmic,0.0
382,,66.984,-45.754,2135.0,2019,4.405,6.454,SUMUP 2024,Rennermalm et al. (2021),Greenland,9632,66.9757,-45.8049,192,136,5.11,66.43,0.957,Logarithmic,0.0
