core_name,profile_key,date,region,latitude,longitude,elevation,citation,n_measurements,max_depth,max_density,depth_to_550,depth_to_830,year,source,source_doi
1D (3001),2020,1981-01-01,Greenland,64.850,-43.347,2708.000,van der Veen et al. (2001),88,8.655,806.000,2.465,,1981,SUMUP 2024,doi:10.18739/A2M61BR5M
2009S2_Keegan,2487,2009-06-01,Greenland,77.450,-51.060,2460.000,Baker et al. (2009),667,77.210,860.000,13.820,65.280,2009,SUMUP 2024,doi:10.18739/A2M61BR5M
2016_DYE-2 Pit 02,2139,2016-04-28,Greenland,66.482,-46.291,2165.000,GEUS snow and firn data (2023),39,3.180,747.269,0.344,,2016,SUMUP 2024,doi:10.18739/A2M61BR5M
2016_DYE-2 Pit 03,2140,2016-05-02,Greenland,66.482,-46.291,2165.000,GEUS snow and firn data (2023),20,1.050,747.280,0.884,,2016,SUMUP 2024,doi:10.18739/A2M61BR5M
2016_KANU Pit 04,2728,2016-04-27,Greenland,66.991,-47.025,,GEUS snow and firn data (2023),8,0.830,639.265,0.608,,2016,SUMUP 2024,doi:10.18739/A2M61BR5M
2018-CP-30m,2595,2018-05-21,Greenland,69.877,-47.011,,Harper and Humphrey (2023),130,30.020,999.700,15.904,10.799,2018,SUMUP 2024,doi:10.18739/A2M61BR5M
2018-T5-30m,2596,2018-05-27,Greenland,69.848,-47.274,,Harper and Humphrey (2023),130,30.570,999.700,12.509,8.535,2018,SUMUP 2024,doi:10.18739/A2M61BR5M
2019-T2-32m,2598,2019-05-19,Greenland,69.757,-47.880,,Harper and Humphrey (2023),173,32.385,1326.100,3.778,11.516,2019,SUMUP 2024,doi:10.18739/A2M61BR5M
2019-T2minus-32m,2597,2019-05-19,Greenland,69.754,-47.912,,Harper and Humphrey (2023),175,32.385,1050.700,3.172,18.770,2019,SUMUP 2024,doi:10.18739/A2M61BR5M
2019-T3-32m,2599,2019-05-19,Greenland,69.782,-47.668,,Harper and Humphrey (2023),175,32.110,1006.500,5.791,9.132,2019,SUMUP 2024,doi:10.18739/A2M61BR5M
2019-T4-32m,2600,2019-05-28,Greenland,69.820,-47.450,,Harper and Humphrey (2023),166,32.090,1207.800,7.713,13.480,2019,SUMUP 2024,doi:10.18739/A2M61BR5M
2022-T3-15m,2590,2022-06-02,Greenland,69.781,-47.677,,Harper and Humphrey (2022),121,15.935,1197.000,10.022,7.034,2022,SUMUP 2024,doi:10.18739/A2M61BR5M
2022-T3-25m,2591,2022-06-01,Greenland,69.780,-47.677,,Harper and Humphrey (2022),173,25.705,986.000,2.681,8.425,2022,SUMUP 2024,doi:10.18739/A2M61BR5M
2022-T3-6m,2592,2022-05-30,Greenland,69.783,-47.668,,Harper and Humphrey (2022),43,6.710,933.000,3.738,3.501,2022,SUMUP 2024,doi:10.18739/A2M61BR5M
2022-T3-7m,2593,2022-06-05,Greenland,69.781,-47.677,,Harper and Humphrey (2022),51,6.580,966.000,6.291,5.203,2022,SUMUP 2024,doi:10.18739/A2M61BR5M
2022-T4-25m,2594,2022-06-07,Greenland,69.820,-47.451,,Harper and Humphrey (2022),176,25.580,1000.000,6.671,16.273,2022,SUMUP 2024,doi:10.18739/A2M61BR5M
2023-CP-11m,2860,2023-06-09,Greenland,69.875,-47.007,,Harper and Humphrey (2023),62,11.320,795.647,5.012,,2023,SUMUP 2024,doi:10.18739/A2M61BR5M
2023-CP-25m,2861,2023-05-26,Greenland,69.876,-47.006,,Harper and Humphrey (2023),149,25.270,986.059,14.074,3.525,2023,SUMUP 2024,doi:10.18739/A2M61BR5M
2023-T4-10m,2862,2023-06-07,Greenland,69.820,-47.453,,Harper and Humphrey (2023),71,11.035,856.851,7.069,4.984,2023,SUMUP 2024,doi:10.18739/A2M61BR5M
2023-T5-25m,2863,2023-05-29,Greenland,69.848,-47.274,,Harper and Humphrey (2023),160,25.945,892.553,6.987,10.781,2023,SUMUP 2024,doi:10.18739/A2M61BR5M
8D (3008),2021,1981-01-01,Greenland,64.850,-43.347,2708.000,van der Veen et al. (2001),159,18.190,860.000,8.973,9.007,1981,SUMUP 2024,doi:10.18739/A2M61BR5M
ACT10A,2489,2010-01-01,Greenland,65.697,-41.481,,Miège et al. (2013),48,46.155,856.053,7.288,40.096,2010,SUMUP 2024,doi:10.18739/A2M61BR5M
ACT10B,2490,2010-01-01,Greenland,65.775,-41.867,,Miège et al. (2013),50,50.580,765.670,10.508,,2010,SUMUP 2024,doi:10.18739/A2M61BR5M
ACT10C,2491,2010-01-01,Greenland,66.000,-42.783,,Miège et al. (2013),50,48.585,750.862,9.098,,2010,SUMUP 2024,doi:10.18739/A2M61BR5M
ACT11A,2493,2011-01-01,Greenland,66.184,-39.078,,Miège et al. (2013),24,24.495,795.668,4.807,,2011,SUMUP 2024,doi:10.18739/A2M61BR5M
ACT11A2,2492,2011-01-01,Greenland,66.179,-39.020,,Miège et al. (2013),10,9.630,648.085,5.403,,2011,SUMUP 2024,doi:10.18739/A2M61BR5M
ACT11B,2494,2011-01-01,Greenland,66.217,-39.566,,Miège et al. (2013),60,60.365,843.216,3.209,58.646,2011,SUMUP 2024,doi:10.18739/A2M61BR5M
ACT11C,2495,2011-01-01,Greenland,66.291,-40.746,,Miège et al. (2013),60,60.932,787.709,3.486,,2011,SUMUP 2024,doi:10.18739/A2M61BR5M
ACT11D,2496,2011-01-01,Greenland,66.479,-46.310,,Miège et al. (2013),59,58.925,889.193,6.190,54.187,2011,SUMUP 2024,doi:10.18739/A2M61BR5M
BPRC_1993,2000,1993-01-01,Greenland,65.293,-45.834,,BPRC 1993 in Jezek (2012),212,11.425,901.925,7.817,4.706,1993,SUMUP 2024,doi:10.18739/A2M61BR5M
CP1_CP1 (Core 1),2181,2021-06-17,Greenland,69.878,-46.997,2022.000,GEUS snow and firn data (2023),4,1.220,897.000,0.638,1.038,2021,SUMUP 2024,doi:10.18739/A2M61BR5M
CP_2007,2243,2007-01-01,Greenland,69.900,-47.000,2000.000,Porter and Mosley-Thompson (2014),242,151.912,916.320,12.709,80.138,2007,SUMUP 2024,doi:10.18739/A2M61BR5M
Camp Century,2500,1963-01-01,Greenland,77.183,-61.167,1886.000,Kovacs et al. (1969) as in Spencer et al. (2001),113,214.550,916.000,12.350,72.100,1963,SUMUP 2024,doi:10.18739/A2M61BR5M
Camp Century (Core B62),2602,2017-07-28,Greenland,77.171,-61.078,1887.000,"Colgan et al. (2018), Colgan (2021)",558,62.250,836.763,11.262,48.667,2017,SUMUP 2024,doi:10.18739/A2M61BR5M
Camp_VI_1959,925,1959-05-18,Greenland,69.700,-48.267,1598.000,Renaud et al. (1959),19,40.000,780.000,4.649,,1959,SUMUP 2024,doi:10.18739/A2M61BR5M
Carrefour 1967,2001,1967-07-01,Greenland,69.824,-47.432,1850.000,Ambach 1970,19,19.160,610.000,7.155,,1967,SUMUP 2024,doi:10.18739/A2M61BR5M
DYE-2,2601,2019-05-18,Greenland,66.481,-46.280,2100.000,GEUS snow and firn data (2023),308,30.250,874.000,14.960,20.967,2019,SUMUP 2024,doi:10.18739/A2M61BR5M
Dye 2 (Raven) Core A,2222,1998-05-13,Greenland,66.478,-46.285,2119.000,Mosley-Thompson et al. (2001),100,119.635,916.870,4.458,58.339,1998,SUMUP 2024,doi:10.18739/A2M61BR5M
Dye 2 (Raven) Core B,2223,1998-05-12,Greenland,66.478,-46.285,2119.000,Mosley-Thompson et al. (2001),20,19.560,672.790,8.068,,1998,SUMUP 2024,doi:10.18739/A2M61BR5M
Dye3-11B-1984,2506,1983-01-01,Greenland,65.183,-43.833,2479.000,"Clausen H.B., pers. comm. as in Spencer et al. (2001)",43,24.475,634.000,11.825,,1983,SUMUP 2024,doi:10.18739/A2M61BR5M
Dye3-15B-1984,2507,1983-01-01,Greenland,65.183,-43.833,2479.000,"Clausen H.B., pers. comm. as in Spencer et al. (2001)",44,24.475,647.000,13.082,,1983,SUMUP 2024,doi:10.18739/A2M61BR5M
Dye3-16C-1984,2508,1983-01-01,Greenland,65.183,-43.833,2479.000,"Clausen H.B., pers. comm. as in Spencer et al. (2001)",43,24.475,647.000,15.361,,1983,SUMUP 2024,doi:10.18739/A2M61BR5M
Dye3-4B-1983,2509,1983-01-01,Greenland,65.183,-43.833,2479.000,"Clausen H.B., pers. comm. as in Spencer et al. (2001)",162,172.950,913.000,11.062,75.628,1983,SUMUP 2024,doi:10.18739/A2M61BR5M
Dye3-5B-1984,2510,1983-01-01,Greenland,65.183,-43.833,2479.000,"Clausen H.B., pers. comm. as in Spencer et al. (2001)",44,24.475,662.000,11.159,,1983,SUMUP 2024,doi:10.18739/A2M61BR5M
Dye3-9B-1984,2511,1983-01-01,Greenland,65.183,-43.833,2479.000,"Clausen H.B., pers. comm. as in Spencer et al. (2001)",44,24.475,653.000,10.175,,1983,SUMUP 2024,doi:10.18739/A2M61BR5M
Dye3-station1-1983,2512,1983-01-01,Greenland,65.183,-43.833,2479.000,"Clausen H.B., pers. comm. as in Spencer et al. (2001)",29,26.695,640.000,12.365,,1983,SUMUP 2024,doi:10.18739/A2M61BR5M
EastGRIP,2588,2012-06-01,Greenland,75.623,-35.960,2702.000,Vallelonga et al. (2014),113,66.280,839.476,18.366,65.329,2012,SUMUP 2024,doi:10.18739/A2M61BR5M
EastGRIP Main Core,2864,2016-06-01,Greenland,75.630,-36.000,2704.000,Rasmussen et al. (2023),154,116.875,910.800,18.124,62.299,2016,SUMUP 2024,doi:10.18739/A2M61BR5M
Eismitte,2513,1954-01-01,Greenland,71.183,-39.933,3000.000,Bader (1954) as in Spencer et al. (2001),16,14.500,560.000,14.125,,1954,SUMUP 2024,doi:10.18739/A2M61BR5M
Eismitte_1931-01-22,2350,1931-01-22,Greenland,71.183,-39.933,3010.000,Sorge et al. (1935) as in Abermann et al. (2023),3,8.415,598.600,8.273,,1931,SUMUP 2024,doi:10.18739/A2M61BR5M
Eismitte_1931-03-04,2355,1931-03-04,Greenland,71.183,-39.933,3010.000,Sorge et al. (1935) as in Abermann et al. (2023),2,12.970,559.500,12.921,,1931,SUMUP 2024,doi:10.18739/A2M61BR5M
Eismitte_1931-04-23,2363,1931-04-23,Greenland,71.183,-39.933,3010.000,Sorge et al. (1935) as in Abermann et al. (2023),3,14.200,551.400,14.023,,1931,SUMUP 2024,doi:10.18739/A2M61BR5M
FA13A,2497,2013-01-01,Greenland,66.181,-39.044,,Miège et al. (2013),257,50.785,985.378,6.073,25.122,2013,SUMUP 2024,doi:10.18739/A2M61BR5M
FA13B,57,2013-04-08,Greenland,66.181,-39.043,1563.000,Koenig et al. (2014),170,31.675,945.130,5.116,24.953,2013,SUMUP 2024,doi:10.18739/A2M61BR5M
FA14,2498,2014-01-01,Greenland,66.181,-39.044,,Miège et al. (2013),34,8.060,822.962,4.986,,2014,SUMUP 2024,doi:10.18739/A2M61BR5M
FS2_12m,2607,2021-04-28,Greenland,66.986,-47.238,1765.000,Clerx et al. (2022),54,12.310,1087.656,6.193,6.150,2021,SUMUP 2024,doi:10.18739/A2M61BR5M
FS4_20m,2603,2021-04-21,Greenland,67.011,-46.817,1894.000,Clerx et al. (2022),183,21.155,1096.180,9.630,5.480,2021,SUMUP 2024,doi:10.18739/A2M61BR5M
FS4_5m,2604,2021-04-22,Greenland,67.011,-46.817,1894.000,Clerx et al. (2022),48,5.020,927.921,3.140,4.123,2021,SUMUP 2024,doi:10.18739/A2M61BR5M
FS5_20m,2605,2021-05-04,Greenland,67.010,-46.465,1977.000,Clerx et al. (2022),236,20.745,942.019,8.019,11.193,2021,SUMUP 2024,doi:10.18739/A2M61BR5M
FS5_5m,2606,2021-05-04,Greenland,67.010,-46.465,1976.000,Clerx et al. (2022),46,5.445,907.279,4.708,4.749,2021,SUMUP 2024,doi:10.18739/A2M61BR5M
GC-Net_CEN2 (Therm Core),2193,2022-06-17,Greenland,77.182,-61.115,1891.000,GEUS snow and firn data (2023),46,10.235,702.007,2.010,,2022,SUMUP 2024,doi:10.18739/A2M61BR5M
GC-Net_CEN_core,2840,2024-05-15,Greenland,77.182,-61.116,1893.000,GEUS snow and firn data (2023),38,10.325,643.243,9.444,,2024,SUMUP 2024,doi:10.18739/A2M61BR5M
GC-Net_CEN_snowpit,2841,2024-05-15,Greenland,77.182,-61.116,1893.000,GEUS snow and firn data (2023),15,1.450,553.000,1.404,,2024,SUMUP 2024,doi:10.18739/A2M61BR5M
GC-Net_CP1 (Mast Core),2191,2022-06-15,Greenland,69.872,-47.038,1932.000,GEUS snow and firn data (2023),15,2.520,657.869,1.233,,2022,SUMUP 2024,doi:10.18739/A2M61BR5M
GC-Net_CP1 (Therm Core),2785,2022-06-15,Greenland,69.872,-47.038,1932.000,GEUS snow and firn data (2023),38,10.575,904.157,4.391,6.420,2022,SUMUP 2024,doi:10.18739/A2M61BR5M
GC-Net_CP1_2023_core,2214,2023-06-19,Greenland,69.872,-47.038,1932.000,GEUS snow and firn data (2023),46,10.190,629.586,6.326,,2023,SUMUP 2024,doi:10.18739/A2M61BR5M
GC-Net_CP1_core,2835,2024-05-25,Greenland,69.871,-47.043,1948.000,GEUS snow and firn data (2023),29,10.062,611.130,8.271,,2024,SUMUP 2024,doi:10.18739/A2M61BR5M
GC-Net_CP1_snowpit,2836,2024-05-25,Greenland,69.871,-47.043,1948.000,GEUS snow and firn data (2023),14,1.390,700.000,1.300,,2024,SUMUP 2024,doi:10.18739/A2M61BR5M
GC-Net_DY2_2023_core,2211,2023-06-14,Greenland,66.482,-46.291,2165.000,GEUS snow and firn data (2023),68,10.210,836.631,9.125,7.915,2023,SUMUP 2024,doi:10.18739/A2M61BR5M
GC-Net_DY2_S1_core,2829,2024-05-20,Greenland,66.483,-46.294,,GEUS snow and firn data (2023),41,9.905,805.459,6.515,,2024,SUMUP 2024,doi:10.18739/A2M61BR5M
GC-Net_DY2_S2_core,2830,2024-05-27,Greenland,66.483,-46.294,,GEUS snow and firn data (2023),38,10.178,879.170,3.128,8.998,2024,SUMUP 2024,doi:10.18739/A2M61BR5M
GC-Net_DYE-2 (Therm Core),2192,2022-06-15,Greenland,66.482,-46.291,2165.000,GEUS snow and firn data (2023),47,9.473,890.744,4.871,8.540,2022,SUMUP 2024,doi:10.18739/A2M61BR5M
GC-Net_EGP_snowpit_2,2847,2024-06-17,Greenland,75.628,-35.968,2669.000,GEUS snow and firn data (2023),13,1.150,556.000,0.270,,2024,SUMUP 2024,doi:10.18739/A2M61BR5M
GC-Net_HUM_core,2842,2024-05-21,Greenland,78.529,-56.845,1969.000,GEUS snow and firn data (2023),47,10.380,655.055,9.321,,2024,SUMUP 2024,doi:10.18739/A2M61BR5M
GC-Net_KAN_U_2023_core,2206,2023-06-08,Greenland,67.001,-47.034,1838.000,GEUS snow and firn data (2023),49,10.150,1131.521,6.463,5.890,2023,SUMUP 2024,doi:10.18739/A2M61BR5M
GC-Net_KAN_U_snowpit,2839,2024-05-27,Greenland,67.001,-47.035,1840.000,GEUS snow and firn data (2023),12,1.150,571.429,0.674,,2024,SUMUP 2024,doi:10.18739/A2M61BR5M
GC-Net_NAE_2023_core,2216,2023-06-23,Greenland,75.002,-29.980,2628.000,GEUS snow and firn data (2023),37,9.970,592.126,9.053,,2023,SUMUP 2024,doi:10.18739/A2M61BR5M
GC-Net_NASA-E (Therm Core),2777,2022-05-26,Greenland,75.002,-29.980,2629.000,GEUS snow and firn data (2023),34,10.310,560.000,9.279,,2022,SUMUP 2024,doi:10.18739/A2M61BR5M
GC-Net_NAU_2023_core,2218,2023-06-18,Greenland,73.841,-49.534,2339.000,GEUS snow and firn data (2023),29,10.240,551.754,8.350,,2023,SUMUP 2024,doi:10.18739/A2M61BR5M
GC-Net_NEM_core,2844,2024-05-16,Greenland,77.441,-51.084,2454.000,GEUS snow and firn data (2023),40,11.070,625.427,9.499,,2024,SUMUP 2024,doi:10.18739/A2M61BR5M
GC-Net_NSE_2023_core,2207,2023-06-09,Greenland,66.478,-42.493,2389.000,GEUS snow and firn data (2023),30,9.935,624.347,6.872,,2023,SUMUP 2024,doi:10.18739/A2M61BR5M
GC-Net_NSE_S1_core,2827,2024-05-21,Greenland,66.478,-42.493,,GEUS snow and firn data (2023),30,10.482,630.429,7.797,,2024,SUMUP 2024,doi:10.18739/A2M61BR5M
GC-Net_SDL_2023_core,2210,2023-06-15,Greenland,66.000,-44.503,2473.000,GEUS snow and firn data (2023),44,9.880,605.948,7.403,,2023,SUMUP 2024,doi:10.18739/A2M61BR5M
GC-Net_SDL_S1_core,2837,2024-05-24,Greenland,66.000,-44.502,,GEUS snow and firn data (2023),35,12.537,720.684,12.371,,2024,SUMUP 2024,doi:10.18739/A2M61BR5M
GC-Net_SDM_2023_core,2208,2023-06-11,Greenland,63.149,-44.817,2896.000,GEUS snow and firn data (2023),34,9.995,803.496,8.745,,2023,SUMUP 2024,doi:10.18739/A2M61BR5M
GC-Net_SDM_S2_core,2833,2024-05-24,Greenland,63.149,-44.817,2895.000,GEUS snow and firn data (2023),29,10.175,559.667,9.756,,2024,SUMUP 2024,doi:10.18739/A2M61BR5M
GC-Net_Summit,2048,1999-05-12,Greenland,72.580,-38.505,3254.000,GEUS snow and firn data (2023),58,1.750,986.000,1.281,0.491,1999,SUMUP 2024,doi:10.18739/A2M61BR5M
GC-Net_TUN_2023_core,2220,2023-06-20,Greenland,78.019,-33.963,2079.000,GEUS snow and firn data (2023),37,9.395,550.843,9.084,,2023,SUMUP 2024,doi:10.18739/A2M61BR5M
GC-Net_Tunu-N (Therm Core),2780,2022-05-27,Greenland,78.019,-33.963,2079.000,GEUS snow and firn data (2023),33,9.875,723.689,5.419,,2022,SUMUP 2024,doi:10.18739/A2M61BR5M
GITS_core_1_1996,2233,1996-05-10,Greenland,77.143,-61.095,1887.000,Mosley-Thompson et al. (2001),21,21.365,604.939,14.808,,1996,SUMUP 2024,doi:10.18739/A2M61BR5M
GITS_core_2_1996,2234,1996-05-10,Greenland,77.143,-61.095,1887.000,Mosley-Thompson et al. (2001),117,119.045,897.759,14.251,83.311,1996,SUMUP 2024,doi:10.18739/A2M61BR5M
GRIP,2503,1990-01-01,Greenland,72.567,-37.617,3230.000," Johnsen, S. pers. comm. as in Spencer et al. (2001)",74,81.805,838.850,16.435,80.730,1990,SUMUP 2024,doi:10.18739/A2M61BR5M
GlacioBasis_ZAC-L,2113,2014-04-19,Greenland,74.624,-21.374,694.000,GEUS snow and firn data (2023),45,1.990,900.000,1.899,1.972,2014,SUMUP 2024,doi:10.18739/A2M61BR5M
GlacioBasis_ZAC-U,2127,2014-04-21,Greenland,74.643,-21.463,920.000,GEUS snow and firn data (2023),35,1.715,1012.000,1.158,1.496,2014,SUMUP 2024,doi:10.18739/A2M61BR5M
GrIT_20110424,114,2011-04-24,Greenland,76.477,-66.080,,Hawley et al. (2014),14,2.800,574.093,2.136,,2011,SUMUP 2024,doi:10.18739/A2M61BR5M
GrIT_20110424,113,2011-04-24,Greenland,76.443,-67.008,,Hawley et al. (2014),20,3.950,767.880,3.056,,2011,SUMUP 2024,doi:10.18739/A2M61BR5M
GrIT_20110424,109,2011-04-24,Greenland,76.405,-67.306,,Hawley et al. (2014),19,3.700,674.620,3.314,,2011,SUMUP 2024,doi:10.18739/A2M61BR5M
GrIT_20110430,123,2011-04-30,Greenland,77.265,-58.528,,Hawley et al. (2014),35,6.700,554.715,5.340,,2011,SUMUP 2024,doi:10.18739/A2M61BR5M
GrIT_20110508,116,2011-05-08,Greenland,76.500,-43.732,2803.000,Hawley et al. (2014),35,10.075,612.851,8.694,,2011,SUMUP 2024,doi:10.18739/A2M61BR5M
GrIT_20110512,102,2011-05-12,Greenland,74.422,-39.294,,Hawley et al. (2014),40,9.630,551.323,1.899,,2011,SUMUP 2024,doi:10.18739/A2M61BR5M
GrIT_20110528,127,2011-05-28,Greenland,77.371,-55.927,,Hawley et al. (2014),42,10.130,589.112,7.796,,2011,SUMUP 2024,doi:10.18739/A2M61BR5M
Humboldt-E,2238,1995-05-01,Greenland,78.598,-55.699,2045.000,Mosley-Thompson et al. (2001),20,18.869,605.800,14.125,,1995,SUMUP 2024,doi:10.18739/A2M61BR5M
Humboldt-M,2236,1995-05-01,Greenland,78.527,-56.830,1995.000,Mosley-Thompson et al. (2001),124,138.654,902.000,16.593,63.973,1995,SUMUP 2024,doi:10.18739/A2M61BR5M
Humboldt-M2,2237,1995-05-01,Greenland,78.527,-56.830,1995.000,Mosley-Thompson et al. (2001),22,18.733,589.600,16.097,,1995,SUMUP 2024,doi:10.18739/A2M61BR5M
Humboldt-N,2239,1995-05-01,Greenland,78.751,-56.830,1905.000,Mosley-Thompson et al. (2001),21,19.916,568.200,15.685,,1995,SUMUP 2024,doi:10.18739/A2M61BR5M
Humboldt-S,2240,1995-05-01,Greenland,78.315,-56.826,2058.000,Mosley-Thompson et al. (2001),21,19.944,592.300,13.910,,1995,SUMUP 2024,doi:10.18739/A2M61BR5M
Humboldt-W,2241,1995-05-01,Greenland,78.452,-57.958,1924.000,Mosley-Thompson et al. (2001),21,19.404,734.300,13.213,,1995,SUMUP 2024,doi:10.18739/A2M61BR5M
Inge Lehmann,2514,1973-01-01,Greenland,77.950,-39.183,2407.000,Gow (1973) as in Spencer et al. (2001),19,58.500,836.000,15.712,58.500,1973,SUMUP 2024,doi:10.18739/A2M61BR5M
L1 (1001),2013,1981-01-01,Greenland,65.388,-46.326,2029.000,van der Veen et al. (2001),171,19.925,1315.000,6.233,10.843,1981,SUMUP 2024,doi:10.18739/A2M61BR5M
L2 (12.18),2014,1981-01-01,Greenland,65.388,-46.327,2184.000,van der Veen et al. (2001),186,20.075,1016.000,10.286,12.811,1981,SUMUP 2024,doi:10.18739/A2M61BR5M
L5 (15.12),2015,1981-01-01,Greenland,65.388,-46.327,1967.000,van der Veen et al. (2001),202,20.640,1026.000,6.941,6.048,1981,SUMUP 2024,doi:10.18739/A2M61BR5M
NASA-U_Henderson,2242,1995-05-20,Greenland,73.842,-49.498,2369.000,Mosley-Thompson et al. (2001),143,149.812,899.745,14.748,80.895,1995,SUMUP 2024,doi:10.18739/A2M61BR5M
NEEM07S3,2485,2007-06-01,Greenland,77.450,-51.060,2460.000,Steen-Larsen et al. (2011),143,80.025,861.840,15.205,76.728,2007,SUMUP 2024,doi:10.18739/A2M61BR5M
NEEM2009S2_Baker,133,2009-01-01,Greenland,77.450,-51.060,,Baker et al. (2009),51,75.030,816.000,18.456,,2009,SUMUP 2024,doi:10.18739/A2M61BR5M
NEEM2011S1,2486,2011-06-01,Greenland,77.450,-51.060,2460.000,Sigl et al. (2013),162,184.800,922.816,15.035,73.613,2011,SUMUP 2024,doi:10.18739/A2M61BR5M
NG2012,2488,2012-06-01,Greenland,75.017,-42.533,2917.000,Freitag et al. (2021)               ,3388,16.955,572.086,16.166,,2012,SUMUP 2024,doi:10.18739/A2M61BR5M
NGRIP_1999,2589,1999-07-01,Greenland,75.100,-42.320,2917.000,Vallelonga et al. (2014),121,69.850,816.179,17.738,,1999,SUMUP 2024,doi:10.18739/A2M61BR5M
NSE_NSE (Core 1),2185,2021-06-19,Greenland,66.498,-49.682,2360.000,GEUS snow and firn data (2023),5,1.465,575.000,0.967,,2021,SUMUP 2024,doi:10.18739/A2M61BR5M
NSE_NSE (Core 2),2769,2021-06-19,Greenland,66.498,-49.682,2360.000,GEUS snow and firn data (2023),3,1.435,572.000,1.085,,2021,SUMUP 2024,doi:10.18739/A2M61BR5M
Nanok_PIT 01,2196,2022-04-19,Greenland,65.536,-38.967,750.000,GEUS snow and firn data (2023),6,0.500,800.000,0.170,,2022,SUMUP 2024,doi:10.18739/A2M61BR5M
Nanok_PIT 08,2203,2022-05-06,Greenland,66.324,-45.742,2238.000,GEUS snow and firn data (2023),8,0.685,800.000,0.369,,2022,SUMUP 2024,doi:10.18739/A2M61BR5M
PARCA_6345_1998,66,1998-05-01,Greenland,63.800,-45.000,2730.000,Mosley-Thompson et al. (2001),16,14.325,580.982,11.841,,1998,SUMUP 2024,doi:10.18739/A2M61BR5M
PARCA_6348_1998,64,1998-05-01,Greenland,63.000,-48.000,1960.000,Mosley-Thompson et al. (2001),16,14.500,777.586,4.851,,1998,SUMUP 2024,doi:10.18739/A2M61BR5M
PARCA_6642B_1998,68,1998-05-01,Greenland,66.500,-42.500,2380.000,Mosley-Thompson et al. (2001),27,20.125,608.550,10.965,,1998,SUMUP 2024,doi:10.18739/A2M61BR5M
PARCA_6745_1998,69,1998-05-01,Greenland,67.500,-45.000,2250.000,Mosley-Thompson et al. (2001),14,12.105,584.800,10.431,,1998,SUMUP 2024,doi:10.18739/A2M61BR5M
PARCA_6841_1998,70,1998-05-01,Greenland,68.000,-41.000,2640.000,Mosley-Thompson et al. (2001),13,11.740,557.739,11.411,,1998,SUMUP 2024,doi:10.18739/A2M61BR5M
PARCA_6938_1998,73,1998-05-01,Greenland,69.000,-38.000,2920.000,Mosley-Thompson et al. (2001),14,11.740,554.800,11.536,,1998,SUMUP 2024,doi:10.18739/A2M61BR5M
PARCA_6943_1998,74,1998-05-01,Greenland,69.200,-43.000,2500.000,Mosley-Thompson et al. (2001),21,17.268,596.400,11.607,,1998,SUMUP 2024,doi:10.18739/A2M61BR5M
PARCA_6945_1998,72,1998-05-01,Greenland,69.000,-45.000,2150.000,Mosley-Thompson et al. (2001),26,18.020,597.900,9.962,,1998,SUMUP 2024,doi:10.18739/A2M61BR5M
PARCA_7145_1998,80,1998-05-01,Greenland,71.500,-45.000,2615.000,Mosley-Thompson et al. (2001),12,11.540,552.443,11.384,,1998,SUMUP 2024,doi:10.18739/A2M61BR5M
PARCA_7147_1997,78,1997-05-01,Greenland,71.050,-47.230,2134.000,Mosley-Thompson et al. (2001),21,19.450,622.100,9.935,,1997,SUMUP 2024,doi:10.18739/A2M61BR5M
PARCA_7247_1997,81,1997-05-01,Greenland,71.926,-47.487,2277.000,Mosley-Thompson et al. (2001),18,19.588,601.700,12.301,,1997,SUMUP 2024,doi:10.18739/A2M61BR5M
PARCA_7249_1998,83,1998-05-01,Greenland,72.200,-49.400,2170.000,Mosley-Thompson et al. (2001),24,14.785,571.705,11.455,,1998,SUMUP 2024,doi:10.18739/A2M61BR5M
PARCA_7345_1998,85,1998-05-01,Greenland,73.000,-45.000,2815.000,Mosley-Thompson et al. (2001),25,14.065,555.795,13.379,,1998,SUMUP 2024,doi:10.18739/A2M61BR5M
PARCA_7551_1997,87,1997-05-01,Greenland,75.000,-51.000,2200.000,Mosley-Thompson et al. (2001),20,20.650,610.900,12.010,,1997,SUMUP 2024,doi:10.18739/A2M61BR5M
PARCA_7653B_1997,90,1997-05-01,Greenland,76.000,-53.000,2200.000,Mosley-Thompson et al. (2001),27,13.475,599.700,12.715,,1997,SUMUP 2024,doi:10.18739/A2M61BR5M
PARCA_NASAEASTA_1997,89,1997-05-01,Greenland,75.000,-30.000,2631.000,Mosley-Thompson et al. (2001),30,19.935,593.100,11.906,,1997,SUMUP 2024,doi:10.18739/A2M61BR5M
PARCA_NDYE3A&B_1997,67,1997-05-01,Greenland,66.000,-44.501,2640.000,Mosley-Thompson et al. (2001),42,18.635,610.600,5.756,,1997,SUMUP 2024,doi:10.18739/A2M61BR5M
PARCA_SDOMEA_1997,65,1997-05-01,Greenland,63.149,-44.817,2850.000,Mosley-Thompson et al. (2001),66,24.150,624.500,9.248,,1997,SUMUP 2024,doi:10.18739/A2M61BR5M
PARCA_STUNUA_1997,76,1997-05-01,Greenland,69.500,-34.500,2650.000,Mosley-Thompson et al. (2001),62,20.310,605.000,12.683,,1997,SUMUP 2024,doi:10.18739/A2M61BR5M
PROMICE_0-6_new,2177,2018-05-23,Greenland,76.368,-68.011,810.000,GEUS snow and firn data (2023),90,8.835,844.106,3.948,7.868,2018,SUMUP 2024,doi:10.18739/A2M61BR5M
SDM_SDM (Core 1),2186,2021-06-21,Greenland,63.149,-44.817,2896.000,GEUS snow and firn data (2023),5,1.770,654.000,0.974,,2021,SUMUP 2024,doi:10.18739/A2M61BR5M
SE-Dome II (X-ray),2609,2021-06-01,Greenland,67.190,-36.470,3160.000,Kawakami et al. (2023),229914,252.056,959.110,11.120,87.454,2021,SUMUP 2024,doi:10.18739/A2M61BR5M
SE-Dome II (bulk),2608,2021-06-01,Greenland,67.190,-36.470,3160.000,Kawakami et al. (2023),552,250.740,965.600,10.217,160.208,2021,SUMUP 2024,doi:10.18739/A2M61BR5M
Site 13,2022,1987-01-01,Greenland,72.886,-38.843,3209.000,van der Veen et al. (2001),303,16.190,602.200,13.800,,1987,SUMUP 2024,doi:10.18739/A2M61BR5M
Site 15,2023,1987-01-01,Greenland,72.981,-36.296,3229.000,van der Veen et al. (2001),313,16.615,595.680,14.158,,1987,SUMUP 2024,doi:10.18739/A2M61BR5M
Site 2,2570,1965-01-01,Greenland,76.983,-56.067,2000.000,Langway (1967) as in Spencer et al. (2001),150,276.500,916.800,11.818,73.299,1965,SUMUP 2024,doi:10.18739/A2M61BR5M
Site 31,2024,1987-01-01,Greenland,72.349,-39.786,3151.000,van der Veen et al. (2001),309,16.425,591.200,14.779,,1987,SUMUP 2024,doi:10.18739/A2M61BR5M
Site 37,2025,1987-01-01,Greenland,72.641,-34.055,3217.000,van der Veen et al. (2001),265,14.175,550.800,12.987,,1987,SUMUP 2024,doi:10.18739/A2M61BR5M
Site 51,2027,1987-01-01,Greenland,71.927,-38.165,3150.000,van der Veen et al. (2001),311,16.480,626.270,13.853,,1987,SUMUP 2024,doi:10.18739/A2M61BR5M
Site 57,2028,1987-01-01,Greenland,71.921,-34.040,3149.000,van der Veen et al. (2001),202,10.985,743.580,7.579,,1987,SUMUP 2024,doi:10.18739/A2M61BR5M
Site 571,2029,1987-01-01,Greenland,72.212,-34.332,3149.000,van der Veen et al. (2001),278,14.800,563.650,12.878,,1987,SUMUP 2024,doi:10.18739/A2M61BR5M
Site 73,2030,1987-01-01,Greenland,71.602,-37.864,3218.000,van der Veen et al. (2001),320,16.905,583.860,14.875,,1987,SUMUP 2024,doi:10.18739/A2M61BR5M
Site A,2561,1987-01-01,Greenland,70.750,-35.958,3145.000, Alley (1987) as in Spencer et al. (2001),109,108.500,881.000,14.500,81.167,1987,SUMUP 2024,doi:10.18739/A2M61BR5M
"Site A, (Crete)",2562,1988-01-01,Greenland,70.635,-35.820,3092.000,Clausen et al. (1988) as in Spencer et al. (2001),228,128.385,906.000,14.758,75.955,1988,SUMUP 2024,doi:10.18739/A2M61BR5M
Site B,2563,1988-01-01,Greenland,70.659,-35.479,3138.000,Clausen et al. (1988) as in Spencer et al. (2001),164,105.160,894.000,16.965,77.726,1988,SUMUP 2024,doi:10.18739/A2M61BR5M
Site C,2564,1988-01-01,Greenland,70.677,-35.787,3072.000,Clausen et al. (1988) as in Spencer et al. (2001),44,24.475,614.000,15.675,,1988,SUMUP 2024,doi:10.18739/A2M61BR5M
Site D,2565,1988-01-01,Greenland,70.640,-35.618,3018.000,Clausen et al. (1988) as in Spencer et al. (2001),164,99.590,869.000,14.025,75.618,1988,SUMUP 2024,doi:10.18739/A2M61BR5M
Site E,2566,1988-01-01,Greenland,71.759,-35.851,3087.000,Clausen et al. (1988) as in Spencer et al. (2001),134,77.225,856.000,16.225,68.697,1988,SUMUP 2024,doi:10.18739/A2M61BR5M
Site F,2567,1988-01-01,Greenland,71.492,-35.881,3092.000,Clausen et al. (1988) as in Spencer et al. (2001),46,25.500,626.000,16.225,,1988,SUMUP 2024,doi:10.18739/A2M61BR5M
Site G,2568,1988-01-01,Greenland,71.155,-35.838,3098.000,Clausen et al. (1988) as in Spencer et al. (2001),123,70.290,805.000,15.125,,1988,SUMUP 2024,doi:10.18739/A2M61BR5M
Site H,2569,1988-01-01,Greenland,70.865,-35.838,3102.000,Clausen et al. (1988) as in Spencer et al. (2001),47,26.020,632.000,15.125,,1988,SUMUP 2024,doi:10.18739/A2M61BR5M
Site J,2331,1989-06-01,Greenland,66.870,-46.260,2030.000,Kameda et al. (1995),634,206.505,956.694,8.062,52.603,1989,SUMUP 2024,doi:10.18739/A2M61BR5M
Summit,2026,1987-01-01,Greenland,72.294,-36.078,3263.000,van der Veen et al. (2001),342,16.280,559.980,15.449,,1987,SUMUP 2024,doi:10.18739/A2M61BR5M
Summit_EUROCORE,2618,1989-06-01,Greenland,72.580,-37.640,,"Fourteau (2019a,b,c)",202,89.870,873.330,17.663,73.887,1989,SUMUP 2024,doi:10.18739/A2M61BR5M
SwissCamp_Swiss Camp PIT 01,2178,2018-05-05,Greenland,69.555,-49.365,1170.000,GEUS snow and firn data (2023),21,1.676,789.200,0.645,,2018,SUMUP 2024,doi:10.18739/A2M61BR5M
SwissCamp_Swiss Camp PIT 03,2179,2011-05-11,Greenland,69.555,-49.365,1170.000,GEUS snow and firn data (2023),18,1.508,772.000,0.450,,2011,SUMUP 2024,doi:10.18739/A2M61BR5M
T05_2006_Aug,2275,2006-08-13,Greenland,69.851,-47.250,1940.000,Morris and Wingham (2014),888,8.880,859.198,7.886,8.705,2006,SUMUP 2024,doi:10.18739/A2M61BR5M
T09_2006_Aug,2276,2006-08-12,Greenland,70.020,-46.310,2144.000,Morris and Wingham (2014),801,8.010,626.229,6.526,,2006,SUMUP 2024,doi:10.18739/A2M61BR5M
T12_2004_Apr,2282,2004-04-23,Greenland,70.176,-45.340,2348.000,Morris and Wingham (2014),1308,13.080,615.240,12.066,,2004,SUMUP 2024,doi:10.18739/A2M61BR5M
T12_2006_May,2259,2006-05-07,Greenland,70.176,-45.340,2348.000,Morris and Wingham (2014),712,7.120,627.546,5.845,,2006,SUMUP 2024,doi:10.18739/A2M61BR5M
T15 1959,2002,1959-06-02,Greenland,70.303,-44.570,2491.000,Renaud et al. (1959),22,19.800,612.000,10.410,,1959,SUMUP 2024,doi:10.18739/A2M61BR5M
T15_2004_Apr,2283,2004-04-25,Greenland,70.303,-44.570,2491.000,Morris and Wingham (2014),1236,12.355,609.464,8.773,,2004,SUMUP 2024,doi:10.18739/A2M61BR5M
T15_2006_Aug,2266,2006-08-09,Greenland,70.303,-44.570,2491.000,Morris and Wingham (2014),980,9.790,696.960,6.170,,2006,SUMUP 2024,doi:10.18739/A2M61BR5M
T15_2006_May,2260,2006-05-12,Greenland,70.303,-44.570,2491.000,Morris and Wingham (2014),999,9.980,711.140,7.396,,2006,SUMUP 2024,doi:10.18739/A2M61BR5M
T19_2004_Apr,2284,2004-04-30,Greenland,70.470,-43.560,2659.000,Morris and Wingham (2014),1306,13.050,587.724,10.572,,2004,SUMUP 2024,doi:10.18739/A2M61BR5M
T19_2006_Aug,2267,2006-08-08,Greenland,70.470,-43.560,2659.000,Morris and Wingham (2014),1015,10.300,596.750,7.900,,2006,SUMUP 2024,doi:10.18739/A2M61BR5M
T19_2006_May,2261,2006-05-15,Greenland,70.470,-43.560,2659.000,Morris and Wingham (2014),1043,10.420,592.835,9.080,,2006,SUMUP 2024,doi:10.18739/A2M61BR5M
T21_2004_May,2285,2004-05-04,Greenland,70.544,-43.020,2737.000,Morris and Wingham (2014),1415,14.150,590.706,11.224,,2004,SUMUP 2024,doi:10.18739/A2M61BR5M
T21_2004_May_a,2292,2004-05-12,Greenland,70.544,-43.020,2737.000,Morris and Wingham (2014),1253,12.530,592.032,11.252,,2004,SUMUP 2024,doi:10.18739/A2M61BR5M
T21_2004_Sep,2255,2004-09-12,Greenland,70.544,-43.020,2737.000,Morris and Wingham (2014),8258,10.170,586.608,8.942,,2004,SUMUP 2024,doi:10.18739/A2M61BR5M
T21_2006_Aug,2268,2006-08-07,Greenland,70.544,-43.020,2737.000,Morris and Wingham (2014),686,6.860,555.463,5.887,,2006,SUMUP 2024,doi:10.18739/A2M61BR5M
T21_2006_Aug_a,2277,2006-08-06,Greenland,70.544,-43.020,2737.000,Morris and Wingham (2014),782,7.820,562.059,7.548,,2006,SUMUP 2024,doi:10.18739/A2M61BR5M
T21_2010_Jul,2304,2010-07-01,Greenland,70.544,-43.020,2737.000,Morris and Wingham (2014),536,5.360,577.841,4.909,,2010,SUMUP 2024,doi:10.18739/A2M61BR5M
T21_2010_Jun,2305,2010-06-30,Greenland,70.544,-43.020,2737.000,Morris and Wingham (2014),521,5.210,574.301,3.579,,2010,SUMUP 2024,doi:10.18739/A2M61BR5M
T21_2011_Aug,2293,2011-08-01,Greenland,70.544,-43.020,2737.000,Morris and Wingham (2014),475,4.740,586.393,3.698,,2011,SUMUP 2024,doi:10.18739/A2M61BR5M
T21_2011_Jul,2294,2011-07-31,Greenland,70.544,-43.020,2737.000,Morris and Wingham (2014),331,3.310,555.262,3.291,,2011,SUMUP 2024,doi:10.18739/A2M61BR5M
T23_2004_May,2286,2004-05-14,Greenland,70.625,-42.580,2794.000,Morris and Wingham (2014),1306,13.060,595.813,11.252,,2004,SUMUP 2024,doi:10.18739/A2M61BR5M
T23_2011_Jul,2295,2011-07-30,Greenland,70.625,-42.580,2794.000,Morris and Wingham (2014),298,2.980,551.058,2.517,,2011,SUMUP 2024,doi:10.18739/A2M61BR5M
T27_2004_May,2287,2004-05-16,Greenland,70.775,-41.540,2913.000,Morris and Wingham (2014),1246,12.460,591.442,11.128,,2004,SUMUP 2024,doi:10.18739/A2M61BR5M
T27_2010_Jun,2307,2010-06-25,Greenland,70.775,-41.540,2913.000,Morris and Wingham (2014),461,4.610,557.541,4.594,,2010,SUMUP 2024,doi:10.18739/A2M61BR5M
T27_2011_Jul,2296,2011-07-28,Greenland,70.775,-41.540,2913.000,Morris and Wingham (2014),372,3.720,554.875,3.682,,2011,SUMUP 2024,doi:10.18739/A2M61BR5M
T31_1959,926,1959-06-12,Greenland,70.909,-40.640,3008.000,Renaud et al. (1959),37,30.375,658.000,11.654,,1959,SUMUP 2024,doi:10.18739/A2M61BR5M
T31_2004_May,2288,2004-05-18,Greenland,70.909,-40.640,3008.000,Morris and Wingham (2014),1270,12.700,567.769,12.415,,2004,SUMUP 2024,doi:10.18739/A2M61BR5M
T31_2006_May,2262,2006-05-20,Greenland,70.909,-40.640,3008.000,Morris and Wingham (2014),774,7.784,567.523,7.527,,2006,SUMUP 2024,doi:10.18739/A2M61BR5M
T31_2010_Jun,2308,2010-06-23,Greenland,70.909,-40.640,3008.000,Morris and Wingham (2014),592,5.920,550.079,5.874,,2010,SUMUP 2024,doi:10.18739/A2M61BR5M
T31_2011_Jul,2297,2011-07-27,Greenland,70.909,-40.640,3008.000,Morris and Wingham (2014),532,5.310,575.831,4.606,,2011,SUMUP 2024,doi:10.18739/A2M61BR5M
T35_2004_May,2289,2004-05-20,Greenland,70.976,-39.550,3096.000,Morris and Wingham (2014),1228,12.280,558.267,11.660,,2004,SUMUP 2024,doi:10.18739/A2M61BR5M
T35_2006_Jul,2272,2006-07-26,Greenland,70.976,-39.550,3096.000,Morris and Wingham (2014),828,8.340,551.036,7.103,,2006,SUMUP 2024,doi:10.18739/A2M61BR5M
T35_2006_May,2263,2006-05-22,Greenland,70.976,-39.550,3096.000,Morris and Wingham (2014),828,8.275,550.068,6.905,,2006,SUMUP 2024,doi:10.18739/A2M61BR5M
T41_2004_Aug,2252,2004-08-25,Greenland,71.079,-37.920,3201.000,Morris and Wingham (2014),1084,11.160,553.831,11.125,,2004,SUMUP 2024,doi:10.18739/A2M61BR5M
T41_2004_Aug_b,2254,2004-08-21,Greenland,71.079,-37.920,3201.000,Morris and Wingham (2014),1122,11.220,550.822,11.198,,2004,SUMUP 2024,doi:10.18739/A2M61BR5M
T41_2004_Aug_c,2258,2004-08-27,Greenland,71.079,-37.920,3201.000,Morris and Wingham (2014),1248,12.500,563.458,12.256,,2004,SUMUP 2024,doi:10.18739/A2M61BR5M
T41_2004_May,2244,2004-05-26,Greenland,71.079,-37.920,3201.000,Morris and Wingham (2014),1183,11.830,574.963,11.575,,2004,SUMUP 2024,doi:10.18739/A2M61BR5M
T41_2004_May_a,2245,2004-05-28,Greenland,71.079,-37.920,3201.000,Morris and Wingham (2014),1149,11.490,552.883,11.326,,2004,SUMUP 2024,doi:10.18739/A2M61BR5M
T41_2004_May_c,2291,2004-05-24,Greenland,71.079,-37.920,3201.000,Morris and Wingham (2014),1284,12.840,563.439,11.684,,2004,SUMUP 2024,doi:10.18739/A2M61BR5M
T41_2006_Jul,2274,2006-07-23,Greenland,71.079,-37.920,3201.000,Morris and Wingham (2014),950,9.490,550.749,9.259,,2006,SUMUP 2024,doi:10.18739/A2M61BR5M
T41_2006_Jul_a,2278,2006-07-21,Greenland,71.079,-37.920,3201.000,Morris and Wingham (2014),849,8.490,559.342,8.408,,2006,SUMUP 2024,doi:10.18739/A2M61BR5M
T41_2006_May,2248,2006-05-26,Greenland,71.079,-37.920,3201.000,Morris and Wingham (2014),861,8.609,550.629,8.555,,2006,SUMUP 2024,doi:10.18739/A2M61BR5M
T41_2006_May_c,2264,2006-05-24,Greenland,71.079,-37.920,3201.000,Morris and Wingham (2014),957,9.570,552.310,9.014,,2006,SUMUP 2024,doi:10.18739/A2M61BR5M
T43_1959,927,1959-06-22,Greenland,71.117,-37.317,3174.000,Renaud et al. (1959),18,15.205,572.000,12.924,,1959,SUMUP 2024,doi:10.18739/A2M61BR5M
T53_1959,928,1959-06-26,Greenland,71.350,-33.483,2867.000,Renaud et al. (1959),34,26.625,647.000,15.107,,1959,SUMUP 2024,doi:10.18739/A2M61BR5M
T61_1959,929,1959-07-28,Greenland,72.233,-32.333,2750.000,Renaud et al. (1959),18,13.400,552.000,12.867,,1959,SUMUP 2024,doi:10.18739/A2M61BR5M
Tunu-1,2225,1996-05-01,Greenland,78.017,-33.994,2113.000,Mosley-Thompson et al. (2001),19,18.505,606.242,13.742,,1996,SUMUP 2024,doi:10.18739/A2M61BR5M
Tunu-N25,2226,1996-05-01,Greenland,78.330,-33.888,2050.000,Mosley-Thompson et al. (2001),15,14.500,553.432,13.853,,1996,SUMUP 2024,doi:10.18739/A2M61BR5M
Tunu-N_main,2224,1996-05-01,Greenland,78.017,-33.994,2113.000,Mosley-Thompson et al. (2001),69,68.535,871.859,13.646,58.862,1996,SUMUP 2024,doi:10.18739/A2M61BR5M
U3 (2003),2016,1981-01-01,Greenland,64.933,-44.403,2574.000,van der Veen et al. (2001),128,15.045,820.000,5.558,,1981,SUMUP 2024,doi:10.18739/A2M61BR5M
U4 (2004),2017,1981-01-01,Greenland,64.982,-45.973,2489.000,van der Veen et al. (2001),140,15.985,883.000,9.424,11.550,1981,SUMUP 2024,doi:10.18739/A2M61BR5M
U6 (2006),2018,1981-01-01,Greenland,65.293,-44.166,2472.000,van der Veen et al. (2001),106,14.970,961.000,9.732,12.080,1981,SUMUP 2024,doi:10.18739/A2M61BR5M
U7 (2007),2019,1981-01-01,Greenland,65.247,-44.591,2535.000,van der Veen et al. (2001),126,15.010,947.000,10.212,13.930,1981,SUMUP 2024,doi:10.18739/A2M61BR5M
Wegener_RA145_1930-07-21,2395,1930-07-21,Greenland,71.192,-46.989,2155.000,Jülg (1939) as in Abermann et al. (2023),3,1.110,590.000,0.940,,1930,SUMUP 2024,doi:10.18739/A2M61BR5M
Wegener_RA170_1930-07-22,2400,1930-07-22,Greenland,71.191,-46.281,2255.000,Jülg (1939) as in Abermann et al. (2023),4,1.285,560.000,0.704,,1930,SUMUP 2024,doi:10.18739/A2M61BR5M
ngt03C93.2_B16,612,1993-01-01,Greenland,73.940,-37.630,3040.000,"Wilhelms et al. (2000a,b,c,d)",31728,102.355,918.300,13.012,59.827,1993,SUMUP 2024,doi:10.18739/A2M61BR5M
ngt06C93.2_B17,613,1993-01-01,Greenland,75.250,-37.625,2820.000,"Wilhelms et al. (2000a,b,c,d)",94093,100.806,960.200,14.210,59.285,1993,SUMUP 2024,doi:10.18739/A2M61BR5M
ngt14C93.2_B18,614,1993-01-01,Greenland,76.617,-36.403,2508.000,"Wilhelms et al. (2000a,b,c,d)",78419,143.161,921.700,13.934,57.952,1993,SUMUP 2024,doi:10.18739/A2M61BR5M
ngt19C.0_B19,2012,1994-01-01,Greenland,78.000,-36.230,2234.000,NGT: Wilhelms (1996),995,99.931,924.201,17.107,63.926,1994,SUMUP 2024,doi:10.18739/A2M61BR5M
ngt27C94.2_B21,615,1994-01-01,Greenland,80.000,-41.137,2185.000,"Wilhelms et al. (2000a,b,c,d)",73869,95.999,902.600,15.316,58.327,1994,SUMUP 2024,doi:10.18739/A2M61BR5M
ngt37C95.2_B26,616,1995-01-01,Greenland,77.253,-49.217,2598.000,"Miller and Schwager (2000a,b)",105990,119.641,903.300,13.630,64.752,1995,SUMUP 2024,doi:10.18739/A2M61BR5M
ngt42C95.2_B29,617,1995-01-01,Greenland,76.004,-43.492,2874.000,"Miller and Schwager (2000a,b)",102555,109.834,898.600,16.393,64.067,1995,SUMUP 2024,doi:10.18739/A2M61BR5M
,34,2023-06-04,Greenland,69.939,-46.565,,Harper and Humphrey (2023),158,25.345,836.450,12.585,14.542,2023,SUMUP 2024,doi:10.18739/A2M61BR5M
,141,1953-07-10,Greenland,76.411,-67.815,850.000,"Benson (1962, 2010, 2013)",18,1.370,565.000,0.591,,1953,SUMUP 2024,doi:10.18739/A2M61BR5M
,145,1953-07-16,Greenland,76.544,-66.204,908.000,"Benson (1962, 2010, 2013)",24,4.868,906.000,2.972,2.900,1953,SUMUP 2024,doi:10.18739/A2M61BR5M
,171,1953-08-18,Greenland,77.300,-49.940,2441.000,"Benson (1962, 2010, 2013)",37,10.724,574.000,10.424,,1953,SUMUP 2024,doi:10.18739/A2M61BR5M
,174,1954-05-28,Greenland,76.367,-67.992,745.000,"Benson (1962, 2010, 2013)",18,3.868,848.000,3.372,2.578,1954,SUMUP 2024,doi:10.18739/A2M61BR5M
,178,1954-05-28,Greenland,76.402,-67.308,799.000,"Benson (1962, 2010, 2013)",7,3.320,674.000,3.256,,1954,SUMUP 2024,doi:10.18739/A2M61BR5M
,183,1954-05-31,Greenland,76.518,-66.387,874.000,"Benson (1962, 2010, 2013)",12,5.162,592.000,2.839,,1954,SUMUP 2024,doi:10.18739/A2M61BR5M
,190,1954-06-14,Greenland,76.722,-65.390,1310.000,"Benson (1962, 2010, 2013)",53,14.365,694.000,11.866,,1954,SUMUP 2024,doi:10.18739/A2M61BR5M
,206,1954-06-24,Greenland,77.238,-62.328,1704.000,"Benson (1962, 2010, 2013)",70,16.706,856.000,10.396,16.225,1954,SUMUP 2024,doi:10.18739/A2M61BR5M
,210,1954-06-26,Greenland,77.217,-61.022,1864.000,"Benson (1962, 2010, 2013)",33,8.850,557.000,8.648,,1954,SUMUP 2024,doi:10.18739/A2M61BR5M
,213,1954-07-04,Greenland,77.183,-60.393,1887.000,"Benson (1962, 2010, 2013)",58,15.092,603.000,10.308,,1954,SUMUP 2024,doi:10.18739/A2M61BR5M
,219,1954-07-12,Greenland,77.128,-58.445,1905.000,"Benson (1962, 2010, 2013)",42,10.259,559.000,8.736,,1954,SUMUP 2024,doi:10.18739/A2M61BR5M
,221,1954-07-16,Greenland,77.093,-57.818,1919.000,"Benson (1962, 2010, 2013)",67,14.136,705.000,11.401,,1954,SUMUP 2024,doi:10.18739/A2M61BR5M
,239,1955-05-20,Greenland,77.150,-62.900,1630.000,"Benson (1962, 2010, 2013)",23,1.710,670.000,0.708,,1955,SUMUP 2024,doi:10.18739/A2M61BR5M
,290,1955-07-10,Greenland,72.467,-40.333,3104.000,"Benson (1962, 2010, 2013)",64,4.095,575.000,3.637,,1955,SUMUP 2024,doi:10.18739/A2M61BR5M
,309,1955-08-08,Greenland,70.462,-43.583,2646.000,"Benson (1962, 2010, 2013)",35,6.577,596.000,5.165,,1955,SUMUP 2024,doi:10.18739/A2M61BR5M
,317,1955-08-14,Greenland,70.105,-45.733,2283.000,"Benson (1962, 2010, 2013)",42,7.034,562.000,5.847,,1955,SUMUP 2024,doi:10.18739/A2M61BR5M
,319,1955-08-16,Greenland,70.040,-46.133,2206.000,"Benson (1962, 2010, 2013)",37,6.576,570.000,6.501,,1955,SUMUP 2024,doi:10.18739/A2M61BR5M
,320,1955-08-16,Greenland,69.977,-46.500,2146.000,"Benson (1962, 2010, 2013)",41,6.824,569.000,4.429,,1955,SUMUP 2024,doi:10.18739/A2M61BR5M
,323,1955-08-16,Greenland,69.917,-46.933,2012.000,"Benson (1962, 2010, 2013)",38,7.150,648.000,6.876,,1955,SUMUP 2024,doi:10.18739/A2M61BR5M
,352,2005-09-08,Greenland,72.550,-38.100,3209.000,Chellman et al. (2009),33,0.975,698.990,0.640,,2005,SUMUP 2024,doi:10.18739/A2M61BR5M
,398,2009-08-08,Greenland,72.550,-38.100,3209.000,Chellman et al. (2009),33,0.975,651.515,0.785,,2009,SUMUP 2024,doi:10.18739/A2M61BR5M
,427,2012-03-22,Greenland,72.550,-38.100,3209.000,Chellman et al. (2009),33,0.975,593.939,0.520,,2012,SUMUP 2024,doi:10.18739/A2M61BR5M
,441,2013-05-16,Greenland,72.550,-38.100,3209.000,Chellman et al. (2009),33,0.975,640.404,0.502,,2013,SUMUP 2024,doi:10.18739/A2M61BR5M
,545,1989-01-01,Greenland,72.580,-38.459,3216.000,Mayewski and Whitlow (2016),14,2.100,703.000,0.841,,1989,SUMUP 2024,doi:10.18739/A2M61BR5M
,546,1989-01-01,Greenland,72.580,-38.459,3216.000,Mayewski and Whitlow (2016),12,1.920,740.000,0.109,,1989,SUMUP 2024,doi:10.18739/A2M61BR5M
,547,1989-01-01,Greenland,72.580,-38.459,3216.000,Mayewski and Whitlow (2016),11,1.920,703.000,0.208,,1989,SUMUP 2024,doi:10.18739/A2M61BR5M
,548,1989-01-01,Greenland,72.580,-38.459,3216.000,Mayewski and Whitlow (2016),12,1.965,627.000,1.312,,1989,SUMUP 2024,doi:10.18739/A2M61BR5M
,549,1990-01-01,Greenland,72.580,-38.459,3216.000,Mayewski and Whitlow (2016),121,6.025,740.000,3.450,,1990,SUMUP 2024,doi:10.18739/A2M61BR5M
,562,1984-06-01,Greenland,65.100,-44.870,2625.000,Mayewski et al. (2016d),270,103.900,970.000,6.383,56.705,1984,SUMUP 2024,doi:10.18739/A2M61BR5M
,594,2015-05-16,Greenland,77.444,-51.069,2450.000,Schaller et al. (2016),15513,1.994,643.300,1.762,,2015,SUMUP 2024,doi:10.18739/A2M61BR5M
,595,2015-05-18,Greenland,77.367,-50.110,2501.000,Schaller et al. (2016),15490,1.997,597.800,1.746,,2015,SUMUP 2024,doi:10.18739/A2M61BR5M
,596,2015-05-20,Greenland,77.254,-49.231,2552.000,Schaller et al. (2016),15506,1.980,700.400,1.698,,2015,SUMUP 2024,doi:10.18739/A2M61BR5M
,597,2015-05-20,Greenland,77.120,-48.171,2596.000,Schaller et al. (2016),13225,1.730,745.600,1.717,,2015,SUMUP 2024,doi:10.18739/A2M61BR5M
,598,2015-05-20,Greenland,76.982,-47.138,2652.000,Schaller et al. (2016),12466,1.641,572.500,1.477,,2015,SUMUP 2024,doi:10.18739/A2M61BR5M
,603,2015-05-22,Greenland,76.325,-43.061,2782.000,Schaller et al. (2016),15280,1.996,645.300,1.503,,2015,SUMUP 2024,doi:10.18739/A2M61BR5M
,605,2015-05-24,Greenland,76.178,-41.160,2766.000,Schaller et al. (2016),15413,2.000,636.600,1.123,,2015,SUMUP 2024,doi:10.18739/A2M61BR5M
,606,2015-05-24,Greenland,76.105,-40.299,2757.000,Schaller et al. (2016),15522,2.020,672.800,1.199,,2015,SUMUP 2024,doi:10.18739/A2M61BR5M
,608,2015-05-24,Greenland,75.935,-38.469,2725.000,Schaller et al. (2016),15573,2.000,607.600,1.470,,2015,SUMUP 2024,doi:10.18739/A2M61BR5M
,609,2015-05-24,Greenland,75.858,-37.697,2708.000,Schaller et al. (2016),15514,2.000,707.800,1.419,,2015,SUMUP 2024,doi:10.18739/A2M61BR5M
,610,2015-05-26,Greenland,75.706,-36.544,2670.000,Schaller et al. (2016),15607,2.000,685.500,1.605,,2015,SUMUP 2024,doi:10.18739/A2M61BR5M
,611,2015-05-26,Greenland,75.629,-35.986,2663.000,Schaller et al. (2016),15127,1.966,685.600,1.174,,2015,SUMUP 2024,doi:10.18739/A2M61BR5M
,618,1987-01-01,Greenland,77.981,-37.704,3188.000,"Bolzan and Strobel (1999a,b,c,d,e,f,g,h,i,j,k,l,m,n,o)",312,16.615,589.350,14.158,,1987,SUMUP 2024,doi:10.18739/A2M61BR5M
,619,1987-01-01,Greenland,72.212,-35.667,3087.000,"Bolzan and Strobel (2001a,b)",277,14.800,563.650,12.878,,1987,SUMUP 2024,doi:10.18739/A2M61BR5M
,620,1987-01-01,Greenland,72.294,-37.921,3215.000,"Bolzan and Strobel (2001a,b)",306,8.531,559.980,8.028,,1987,SUMUP 2024,doi:10.18739/A2M61BR5M
,621,1987-01-01,Greenland,71.602,-38.141,3168.000,"Bolzan and Strobel (1999a,b,c,d,e,f,g,h,i,j,k,l,m,n,o)",319,16.907,583.860,14.875,,1987,SUMUP 2024,doi:10.18739/A2M61BR5M
,622,1987-01-01,Greenland,71.921,-35.959,3090.000,"Bolzan and Strobel (1999a,b,c,d,e,f,g,h,i,j,k,l,m,n,o)",201,10.985,743.580,7.579,,1987,SUMUP 2024,doi:10.18739/A2M61BR5M
,623,1987-01-01,Greenland,72.641,-35.944,3160.000,"Bolzan and Strobel (1999a,b,c,d,e,f,g,h,i,j,k,l,m,n,o)",264,14.175,550.800,12.987,,1987,SUMUP 2024,doi:10.18739/A2M61BR5M
,624,1987-01-01,Greenland,72.349,-40.214,3115.000,"Bolzan and Strobel (1999a,b,c,d,e,f,g,h,i,j,k,l,m,n,o)",308,16.425,591.200,14.779,,1987,SUMUP 2024,doi:10.18739/A2M61BR5M
,625,1987-01-01,Greenland,72.886,-39.157,3167.000,"Bolzan and Strobel (1999a,b,c,d,e,f,g,h,i,j,k,l,m,n,o)",302,16.190,602.200,13.800,,1987,SUMUP 2024,doi:10.18739/A2M61BR5M
,626,1987-01-01,Greenland,71.927,-39.835,3112.000,"Bolzan and Strobel (1999a,b,c,d,e,f,g,h,i,j,k,l,m,n,o)",310,16.480,571.000,13.853,,1987,SUMUP 2024,doi:10.18739/A2M61BR5M
,640,1990-06-20,Greenland,72.596,-38.422,3200.000,Dibb et al. (2017),121,5.975,740.000,3.419,,1990,SUMUP 2024,doi:10.18739/A2M61BR5M
,643,2013-04-28,Greenland,67.000,-47.023,1840.000,Machguth et al. (2016),172,19.060,931.000,7.064,4.101,2013,SUMUP 2024,doi:10.18739/A2M61BR5M
,644,2013-04-28,Greenland,66.998,-47.022,1840.000,Machguth et al. (2016),143,15.910,967.000,7.596,7.669,2013,SUMUP 2024,doi:10.18739/A2M61BR5M
,645,2013-04-30,Greenland,66.978,-46.629,1950.000,Machguth et al. (2016),153,15.965,987.000,7.745,10.234,2013,SUMUP 2024,doi:10.18739/A2M61BR5M
,646,2013-05-04,Greenland,66.982,-46.119,2060.000,Machguth et al. (2016),156,16.250,906.000,7.212,6.512,2013,SUMUP 2024,doi:10.18739/A2M61BR5M
,647,2013-05-04,Greenland,66.478,-46.285,2119.000,Machguth et al. (2016),165,16.470,977.000,6.345,11.951,2013,SUMUP 2024,doi:10.18739/A2M61BR5M
,648,2013-05-04,Greenland,66.473,-46.283,2119.000,Machguth et al. (2016),159,16.325,917.000,3.895,4.675,2013,SUMUP 2024,doi:10.18739/A2M61BR5M
,649,2013-05-16,Greenland,66.985,-45.755,2142.000,Machguth et al. (2016),156,16.275,874.000,8.478,5.262,2013,SUMUP 2024,doi:10.18739/A2M61BR5M
,650,2013-05-12,Greenland,66.983,-45.045,2266.000,Machguth et al. (2016),151,16.240,840.000,7.445,5.186,2013,SUMUP 2024,doi:10.18739/A2M61BR5M
,651,2013-05-20,Greenland,66.985,-44.394,2361.000,Machguth et al. (2016),157,16.960,896.000,6.145,2.815,2013,SUMUP 2024,doi:10.18739/A2M61BR5M
,652,2012-05-01,Greenland,67.000,-47.021,1840.000,Machguth et al. (2016),106,10.635,956.000,3.909,6.738,2012,SUMUP 2024,doi:10.18739/A2M61BR5M
,653,2012-05-01,Greenland,67.000,-47.021,1840.000,Machguth et al. (2016),147,10.465,955.000,4.774,5.510,2012,SUMUP 2024,doi:10.18739/A2M61BR5M
,654,2012-05-01,Greenland,66.998,-47.021,1840.000,Machguth et al. (2016),107,10.235,966.000,6.666,1.853,2012,SUMUP 2024,doi:10.18739/A2M61BR5M
,655,2015-05-04,Greenland,67.000,-47.025,1840.000,Machguth et al. (2016),136,14.375,920.000,10.928,3.295,2015,SUMUP 2024,doi:10.18739/A2M61BR5M
,656,2015-05-16,Greenland,65.999,-44.502,2464.000,Machguth et al. (2016),155,16.455,838.000,10.212,4.681,2015,SUMUP 2024,doi:10.18739/A2M61BR5M
,657,2015-05-20,Greenland,66.632,-46.895,1927.000,Machguth et al. (2016),18,1.755,608.000,1.055,,2015,SUMUP 2024,doi:10.18739/A2M61BR5M
,662,2016-04-28,Greenland,67.000,-47.026,1838.000,MacFerrin et al. (2019),162,16.460,940.000,11.126,6.907,2016,SUMUP 2024,doi:10.18739/A2M61BR5M
,663,2017-04-28,Greenland,67.000,-47.023,1840.000,MacFerrin et al. (2019),209,23.230,996.000,9.913,12.265,2017,SUMUP 2024,doi:10.18739/A2M61BR5M
,664,2017-05-12,Greenland,66.632,-46.895,1927.000,MacFerrin et al. (2019),138,15.155,902.000,7.411,10.635,2017,SUMUP 2024,doi:10.18739/A2M61BR5M
,665,2015-05-08,Greenland,66.994,-44.385,2355.000,MacFerrin et al. (2022),144,15.605,764.000,9.962,,2015,SUMUP 2024,doi:10.18739/A2M61BR5M
,666,2015-05-12,Greenland,66.478,-42.496,2376.000,MacFerrin et al. (2022),162,16.610,773.000,5.472,,2015,SUMUP 2024,doi:10.18739/A2M61BR5M
,667,2015-05-12,Greenland,66.478,-42.497,2378.000,MacFerrin et al. (2022),22,2.125,616.000,1.501,,2015,SUMUP 2024,doi:10.18739/A2M61BR5M
,668,2015-05-12,Greenland,66.478,-42.496,2368.000,MacFerrin et al. (2022),82,8.245,627.000,6.355,,2015,SUMUP 2024,doi:10.18739/A2M61BR5M
,669,2015-05-12,Greenland,66.478,-42.496,2384.000,MacFerrin et al. (2022),151,16.255,867.000,8.288,9.613,2015,SUMUP 2024,doi:10.18739/A2M61BR5M
,670,2015-05-16,Greenland,65.999,-44.502,2451.000,MacFerrin et al. (2022),156,16.335,855.000,5.899,11.345,2015,SUMUP 2024,doi:10.18739/A2M61BR5M
,672,2015-05-16,Greenland,65.999,-44.502,2453.000,MacFerrin et al. (2022),80,8.255,863.000,7.395,5.418,2015,SUMUP 2024,doi:10.18739/A2M61BR5M
,673,2015-05-20,Greenland,66.478,-46.286,2126.000,MacFerrin et al. (2022),179,19.240,920.000,8.655,14.129,2015,SUMUP 2024,doi:10.18739/A2M61BR5M
,674,2015-05-26,Greenland,69.876,-47.029,1942.000,MacFerrin et al. (2022),162,17.255,844.000,3.605,4.678,2015,SUMUP 2024,doi:10.18739/A2M61BR5M
,676,2015-05-26,Greenland,69.877,-47.029,1942.000,MacFerrin et al. (2022),81,9.350,838.000,5.755,3.805,2015,SUMUP 2024,doi:10.18739/A2M61BR5M
,677,2015-05-28,Greenland,75.625,-35.979,2661.000,MacFerrin et al. (2022),146,15.320,721.000,10.555,,2015,SUMUP 2024,doi:10.18739/A2M61BR5M
,681,2015-05-28,Greenland,72.577,-38.470,3203.000,MacFerrin et al. (2022),146,15.750,590.000,12.455,,2015,SUMUP 2024,doi:10.18739/A2M61BR5M
,684,2015-05-28,Greenland,72.577,-38.469,3203.000,MacFerrin et al. (2022),146,15.870,608.000,12.355,,2015,SUMUP 2024,doi:10.18739/A2M61BR5M
,685,2016-04-26,Greenland,67.000,-47.026,1838.000,MacFerrin et al. (2022),76,7.845,954.000,1.581,3.384,2016,SUMUP 2024,doi:10.18739/A2M61BR5M
,686,2016-05-02,Greenland,66.985,-44.395,2314.000,MacFerrin et al. (2022),179,17.945,783.000,13.455,,2016,SUMUP 2024,doi:10.18739/A2M61BR5M
,687,2016-05-04,Greenland,66.478,-42.496,2372.000,MacFerrin et al. (2022),182,18.350,782.000,12.705,,2016,SUMUP 2024,doi:10.18739/A2M61BR5M
,688,2016-05-06,Greenland,65.999,-44.502,2453.000,MacFerrin et al. (2022),184,18.450,759.000,15.955,,2016,SUMUP 2024,doi:10.18739/A2M61BR5M
,689,2016-05-16,Greenland,72.578,-38.469,3209.000,MacFerrin et al. (2022),163,16.230,729.000,15.755,,2016,SUMUP 2024,doi:10.18739/A2M61BR5M
,690,2016-05-16,Greenland,75.626,-35.978,2664.000,MacFerrin et al. (2022),159,15.840,644.000,14.960,,2016,SUMUP 2024,doi:10.18739/A2M61BR5M
,691,2016-05-16,Greenland,69.876,-47.031,1936.000,MacFerrin et al. (2022),165,18.045,933.000,9.707,6.719,2016,SUMUP 2024,doi:10.18739/A2M61BR5M
,692,2016-05-06,Greenland,66.473,-46.283,2126.000,MacFerrin et al. (2022),175,17.290,964.000,10.261,9.161,2016,SUMUP 2024,doi:10.18739/A2M61BR5M
,693,2017-05-02,Greenland,66.985,-44.394,2361.000,MacFerrin et al. (2022),236,22.190,912.000,6.428,7.665,2017,SUMUP 2024,doi:10.18739/A2M61BR5M
,694,2017-05-06,Greenland,66.478,-42.496,2372.000,MacFerrin et al. (2022),202,22.505,775.000,11.448,,2017,SUMUP 2024,doi:10.18739/A2M61BR5M
,695,2017-05-08,Greenland,65.999,-44.502,2453.000,MacFerrin et al. (2022),220,22.625,796.000,5.506,,2017,SUMUP 2024,doi:10.18739/A2M61BR5M
,696,2017-05-12,Greenland,66.473,-46.283,2126.000,MacFerrin et al. (2022),249,22.925,948.000,7.240,11.860,2017,SUMUP 2024,doi:10.18739/A2M61BR5M
,697,2017-05-12,Greenland,66.473,-46.283,2126.000,MacFerrin et al. (2022),111,5.480,890.000,1.623,4.006,2017,SUMUP 2024,doi:10.18739/A2M61BR5M
,698,2017-05-16,Greenland,69.876,-47.031,1936.000,MacFerrin et al. (2022),240,22.230,958.000,7.820,5.974,2017,SUMUP 2024,doi:10.18739/A2M61BR5M
,699,2017-05-18,Greenland,75.626,-35.978,2664.000,MacFerrin et al. (2022),197,20.085,791.000,14.620,,2017,SUMUP 2024,doi:10.18739/A2M61BR5M
,700,2017-05-20,Greenland,72.578,-38.469,3209.000,MacFerrin et al. (2022),215,22.120,605.000,11.495,,2017,SUMUP 2024,doi:10.18739/A2M61BR5M
,701,2009-05-16,Greenland,69.644,-48.816,1333.000,Harper et al. (2012),31,7.940,910.000,0.212,1.895,2009,SUMUP 2024,doi:10.18739/A2M61BR5M
,702,2008-05-08,Greenland,69.660,-48.689,1401.000,Harper et al. (2012),29,9.480,868.000,0.795,3.740,2008,SUMUP 2024,doi:10.18739/A2M61BR5M
,703,2008-05-28,Greenland,69.674,-48.591,1497.000,Harper et al. (2012),33,9.345,841.000,7.520,8.143,2008,SUMUP 2024,doi:10.18739/A2M61BR5M
,704,2008-05-18,Greenland,69.687,-48.500,1540.000,Harper et al. (2012),44,10.255,926.000,3.629,8.695,2008,SUMUP 2024,doi:10.18739/A2M61BR5M
,705,2008-05-22,Greenland,69.725,-48.190,1660.000,Harper et al. (2012),41,10.220,871.000,3.835,5.605,2008,SUMUP 2024,doi:10.18739/A2M61BR5M
,706,2008-05-20,Greenland,69.706,-48.345,1555.000,Harper et al. (2012),37,10.050,912.000,2.771,10.050,2008,SUMUP 2024,doi:10.18739/A2M61BR5M
,707,2008-05-20,Greenland,69.720,-48.267,1644.000,Harper et al. (2012),48,10.195,848.000,2.966,5.415,2008,SUMUP 2024,doi:10.18739/A2M61BR5M
,708,2008-05-28,Greenland,69.739,-48.240,1680.000,Harper et al. (2012),44,10.165,894.000,5.279,6.047,2008,SUMUP 2024,doi:10.18739/A2M61BR5M
,709,2008-05-24,Greenland,69.738,-48.061,1710.000,Harper et al. (2012),46,10.395,873.000,6.660,3.989,2008,SUMUP 2024,doi:10.18739/A2M61BR5M
,710,2007-06-28,Greenland,69.738,-48.061,1710.000,Harper et al. (2012),27,10.340,898.000,6.026,6.338,2007,SUMUP 2024,doi:10.18739/A2M61BR5M
,711,2007-06-28,Greenland,69.757,-47.880,1750.000,Harper et al. (2012),29,10.425,731.000,8.100,,2007,SUMUP 2024,doi:10.18739/A2M61BR5M
,712,2007-07-08,Greenland,69.784,-47.670,1819.000,Harper et al. (2012),33,10.155,854.000,8.762,5.574,2007,SUMUP 2024,doi:10.18739/A2M61BR5M
,713,2007-07-04,Greenland,69.801,-47.568,1845.000,Harper et al. (2012),31,10.175,688.000,6.787,,2007,SUMUP 2024,doi:10.18739/A2M61BR5M
,714,2007-07-04,Greenland,69.806,-47.542,1856.000,Harper et al. (2012),34,10.240,645.000,2.009,,2007,SUMUP 2024,doi:10.18739/A2M61BR5M
,715,2007-07-04,Greenland,69.793,-47.608,1835.000,Harper et al. (2012),33,10.095,775.000,8.719,,2007,SUMUP 2024,doi:10.18739/A2M61BR5M
,716,2007-07-08,Greenland,69.820,-47.450,1877.000,Harper et al. (2012),36,10.335,733.000,1.874,,2007,SUMUP 2024,doi:10.18739/A2M61BR5M
,717,2007-07-08,Greenland,69.848,-47.274,1932.000,Harper et al. (2012),35,9.975,766.000,4.009,,2007,SUMUP 2024,doi:10.18739/A2M61BR5M
,718,2007-07-01,Greenland,69.876,-47.010,1997.000,Harper et al. (2012),32,10.140,653.000,6.640,,2007,SUMUP 2024,doi:10.18739/A2M61BR5M
,719,2007-07-01,Greenland,69.876,-47.010,1997.000,Harper et al. (2012),29,9.885,557.000,9.473,,2007,SUMUP 2024,doi:10.18739/A2M61BR5M
,720,2007-07-06,Greenland,69.876,-47.010,1997.000,Harper et al. (2012),41,10.160,652.000,8.993,,2007,SUMUP 2024,doi:10.18739/A2M61BR5M
,721,2007-07-06,Greenland,69.876,-47.010,1997.000,Harper et al. (2012),33,10.050,571.000,5.607,,2007,SUMUP 2024,doi:10.18739/A2M61BR5M
,722,2007-07-10,Greenland,69.876,-47.010,1997.000,Harper et al. (2012),38,10.185,667.000,9.339,,2007,SUMUP 2024,doi:10.18739/A2M61BR5M
,840,2016-07-08,Greenland,67.049,-49.023,1215.000,Cooper et al. (2018),8,0.925,820.000,0.478,,2016,SUMUP 2024,doi:10.18739/A2M61BR5M
,842,2016-07-08,Greenland,67.048,-49.026,1215.000,Cooper et al. (2018),7,0.850,714.000,0.199,,2016,SUMUP 2024,doi:10.18739/A2M61BR5M
,843,2016-07-08,Greenland,67.048,-49.028,1215.000,Cooper et al. (2018),10,0.855,909.000,0.210,0.290,2016,SUMUP 2024,doi:10.18739/A2M61BR5M
,846,2016-07-08,Greenland,67.046,-49.033,1215.000,Cooper et al. (2018),8,0.990,787.000,0.594,,2016,SUMUP 2024,doi:10.18739/A2M61BR5M
,848,2016-07-08,Greenland,67.045,-49.035,1215.000,Cooper et al. (2018),7,0.790,690.000,0.379,,2016,SUMUP 2024,doi:10.18739/A2M61BR5M
,879,2016-05-20,Greenland,75.630,-35.980,2663.000,Schaller et al. (2017),39373,4.998,661.392,1.718,,2016,SUMUP 2024,doi:10.18739/A2M61BR5M
,881,2016-05-20,Greenland,75.630,-35.980,2663.000,Schaller et al. (2017),39126,4.999,624.088,1.634,,2016,SUMUP 2024,doi:10.18739/A2M61BR5M
,883,2016-05-20,Greenland,75.630,-35.980,2663.000,Schaller et al. (2017),39227,4.992,735.466,1.712,,2016,SUMUP 2024,doi:10.18739/A2M61BR5M
,885,2016-05-20,Greenland,75.630,-35.980,2663.000,Schaller et al. (2017),39157,4.997,630.606,1.713,,2016,SUMUP 2024,doi:10.18739/A2M61BR5M
,889,2016-05-20,Greenland,75.630,-35.980,2663.000,Schaller et al. (2017),39099,4.999,744.648,2.095,,2016,SUMUP 2024,doi:10.18739/A2M61BR5M
,891,2016-05-20,Greenland,75.630,-35.980,2663.000,Schaller et al. (2017),39026,4.990,737.029,2.163,,2016,SUMUP 2024,doi:10.18739/A2M61BR5M
,897,2016-05-20,Greenland,75.630,-35.980,2663.000,Schaller et al. (2017),39399,4.998,586.002,1.788,,2016,SUMUP 2024,doi:10.18739/A2M61BR5M
,899,2016-05-20,Greenland,75.630,-35.980,2663.000,Schaller et al. (2017),39159,4.994,651.712,3.002,,2016,SUMUP 2024,doi:10.18739/A2M61BR5M
,901,2016-05-20,Greenland,75.630,-35.980,2663.000,Schaller et al. (2017),38929,4.997,648.261,1.635,,2016,SUMUP 2024,doi:10.18739/A2M61BR5M
,903,2016-05-20,Greenland,75.630,-35.980,2663.000,Schaller et al. (2017),39268,4.998,670.959,1.914,,2016,SUMUP 2024,doi:10.18739/A2M61BR5M
,905,2016-05-20,Greenland,75.630,-35.980,2663.000,Schaller et al. (2017),39088,5.000,688.067,1.674,,2016,SUMUP 2024,doi:10.18739/A2M61BR5M
,907,2016-05-20,Greenland,75.630,-35.980,2663.000,Schaller et al. (2017),38819,5.000,795.056,1.942,,2016,SUMUP 2024,doi:10.18739/A2M61BR5M
,909,2016-05-20,Greenland,75.630,-35.980,2663.000,Schaller et al. (2017),39217,4.998,577.731,1.668,,2016,SUMUP 2024,doi:10.18739/A2M61BR5M
,911,2016-05-20,Greenland,75.630,-35.980,2663.000,Schaller et al. (2017),39353,5.000,713.657,1.931,,2016,SUMUP 2024,doi:10.18739/A2M61BR5M
,913,2016-05-20,Greenland,75.630,-35.980,2663.000,Schaller et al. (2017),39204,4.995,571.423,1.902,,2016,SUMUP 2024,doi:10.18739/A2M61BR5M
,915,2016-05-20,Greenland,75.630,-35.980,2663.000,Schaller et al. (2017),39167,4.997,634.374,1.785,,2016,SUMUP 2024,doi:10.18739/A2M61BR5M
,917,2016-05-20,Greenland,75.630,-35.980,2663.000,Schaller et al. (2017),39287,5.000,647.531,1.622,,2016,SUMUP 2024,doi:10.18739/A2M61BR5M
,921,2016-05-20,Greenland,75.630,-35.980,2663.000,Schaller et al. (2017),39173,4.998,602.064,1.696,,2016,SUMUP 2024,doi:10.18739/A2M61BR5M
,955,2015-04-12,Greenland,66.362,-39.312,1664.000,Miller et al. (2018),200,49.847,998.650,5.054,22.019,2015,SUMUP 2024,doi:10.18739/A2M61BR5M
,956,2015-08-02,Greenland,66.355,-39.179,1543.000,Miller et al. (2018),172,49.920,982.704,1.643,35.612,2015,SUMUP 2024,doi:10.18739/A2M61BR5M
,958,2016-07-28,Greenland,66.358,-39.239,1619.000,Miller et al. (2018),202,38.330,974.928,2.857,13.356,2016,SUMUP 2024,doi:10.18739/A2M61BR5M
,959,2016-08-01,Greenland,66.353,-39.135,1519.000,Miller et al. (2018),260,49.250,999.493,2.348,26.885,2016,SUMUP 2024,doi:10.18739/A2M61BR5M
,1744,2006-01-01,Greenland,72.550,-38.309,3210.000,Fain et al. (2009),166,10.015,593.093,8.504,,2006,SUMUP 2024,doi:10.18739/A2M61BR5M
,1750,2007-01-01,Greenland,72.594,-38.625,3210.000,Adolph et al. (2014),369,24.467,621.246,16.585,,2007,SUMUP 2024,doi:10.18739/A2M61BR5M
,1759,2013-05-08,Greenland,73.873,-41.800,,Polashenski et al. (2015),18,2.365,626.100,1.662,,2013,SUMUP 2024,doi:10.18739/A2M61BR5M
,1765,2013-05-16,Greenland,77.058,-49.600,,Polashenski et al. (2015),19,1.185,575.200,0.623,,2013,SUMUP 2024,doi:10.18739/A2M61BR5M
,1767,2013-05-18,Greenland,77.042,-54.517,,Polashenski et al. (2015),19,1.650,570.400,1.619,,2013,SUMUP 2024,doi:10.18739/A2M61BR5M
,1768,2013-05-20,Greenland,77.217,-61.022,,Polashenski et al. (2015),19,1.695,633.000,1.663,,2013,SUMUP 2024,doi:10.18739/A2M61BR5M
,1773,2013-05-24,Greenland,78.000,-58.000,,Polashenski et al. (2015),20,1.545,584.700,1.337,,2013,SUMUP 2024,doi:10.18739/A2M61BR5M
,1895,2016-10-28,Greenland,69.731,-48.133,,Otosaka et al. (2020),10,3.020,917.000,0.975,1.905,2016,SUMUP 2024,doi:10.18739/A2M61BR5M
,1896,2016-10-28,Greenland,69.811,-47.510,,Otosaka et al. (2020),45,4.387,917.000,0.618,0.756,2016,SUMUP 2024,doi:10.18739/A2M61BR5M
,1897,2016-10-28,Greenland,69.851,-47.253,,Otosaka et al. (2020),49,4.476,917.000,1.397,0.768,2016,SUMUP 2024,doi:10.18739/A2M61BR5M
,1898,2017-03-30,Greenland,69.852,-47.255,,Otosaka et al. (2020b),25,3.155,917.000,2.011,1.501,2017,SUMUP 2024,doi:10.18739/A2M61BR5M
,1899,2017-03-30,Greenland,70.020,-46.306,,Otosaka et al. (2020b),11,2.927,917.000,1.813,1.761,2017,SUMUP 2024,doi:10.18739/A2M61BR5M
,1900,2017-03-30,Greenland,70.176,-45.345,,Otosaka et al. (2020b),13,5.035,917.000,4.969,2.315,2017,SUMUP 2024,doi:10.18739/A2M61BR5M
,1903,2017-03-30,Greenland,71.079,-37.920,,Otosaka et al. (2020b),7,4.640,583.000,2.336,,2017,SUMUP 2024,doi:10.18739/A2M61BR5M
,1905,2016-05-04,Greenland,66.984,-45.753,,Graeter et al. (2018),133,30.630,873.796,7.739,18.733,2016,SUMUP 2024,doi:10.18739/A2M61BR5M
,1907,2016-05-12,Greenland,67.499,-44.999,,Graeter et al. (2018),113,30.515,895.912,6.301,7.590,2016,SUMUP 2024,doi:10.18739/A2M61BR5M
,1909,2016-05-16,Greenland,67.831,-45.094,,Graeter et al. (2018),98,27.500,872.334,6.220,5.048,2016,SUMUP 2024,doi:10.18739/A2M61BR5M
,1911,2016-05-20,Greenland,68.419,-44.911,,Graeter et al. (2018),100,27.630,874.514,8.812,9.118,2016,SUMUP 2024,doi:10.18739/A2M61BR5M
,1913,2016-05-24,Greenland,68.999,-45.000,,Graeter et al. (2018),101,26.787,981.388,7.736,7.507,2016,SUMUP 2024,doi:10.18739/A2M61BR5M
,1915,2016-05-28,Greenland,69.572,-45.346,,Graeter et al. (2018),88,27.892,877.691,10.332,6.989,2016,SUMUP 2024,doi:10.18739/A2M61BR5M
,1917,2016-06-02,Greenland,70.302,-44.564,,Graeter et al. (2018),59,21.468,632.884,9.913,,2016,SUMUP 2024,doi:10.18739/A2M61BR5M
,1919,2017-05-12,Greenland,70.559,-46.731,,Lewis et al. (2019),67,29.291,867.369,4.405,5.360,2017,SUMUP 2024,doi:10.18739/A2M61BR5M
,1921,2017-05-16,Greenland,71.043,-47.224,,Lewis et al. (2019),74,26.573,826.545,16.536,,2017,SUMUP 2024,doi:10.18739/A2M61BR5M
,1923,2017-05-24,Greenland,71.926,-47.486,,Lewis et al. (2019),77,26.968,705.296,10.498,,2017,SUMUP 2024,doi:10.18739/A2M61BR5M
,1925,2017-05-28,Greenland,72.200,-49.400,,Lewis et al. (2019),63,26.067,670.221,11.133,,2017,SUMUP 2024,doi:10.18739/A2M61BR5M
,1927,2017-06-01,Greenland,72.535,-50.017,,Lewis et al. (2019),92,31.756,733.515,11.816,,2017,SUMUP 2024,doi:10.18739/A2M61BR5M
,1929,2017-06-08,Greenland,73.010,-50.131,,Lewis et al. (2019),92,32.300,712.065,9.613,,2017,SUMUP 2024,doi:10.18739/A2M61BR5M
,1931,2017-06-10,Greenland,73.831,-49.478,,Lewis et al. (2019),67,28.171,669.731,10.671,,2017,SUMUP 2024,doi:10.18739/A2M61BR5M
,1933,2017-06-12,Greenland,73.593,-47.197,,Lewis et al. (2019),65,27.610,652.040,12.460,,2017,SUMUP 2024,doi:10.18739/A2M61BR5M
,1935,2017-06-16,Greenland,72.999,-44.997,,Lewis et al. (2019),59,22.381,657.698,12.208,,2017,SUMUP 2024,doi:10.18739/A2M61BR5M
,1936,2015-05-01,Greenland,69.662,-52.733,,Sarah et al. (2018),576,20.898,920.390,6.535,15.557,2015,SUMUP 2024,doi:10.18739/A2M61BR5M
,1939,2015-05-01,Greenland,68.892,-43.502,,Trusel et al. (2018),1830,103.498,909.131,12.248,68.837,2015,SUMUP 2024,doi:10.18739/A2M61BR5M
,1945,2017-05-14,Greenland,66.527,-46.887,1963.000,Rennermalm et al. (2021),145,20.340,915.000,6.265,8.300,2017,SUMUP 2024,doi:10.18739/A2M61BR5M
,1946,2017-04-28,Greenland,66.865,-46.265,2060.000,Rennermalm et al. (2021),182,24.825,912.000,2.926,8.215,2017,SUMUP 2024,doi:10.18739/A2M61BR5M
,1947,2017-05-01,Greenland,66.865,-46.265,2060.000,Rennermalm et al. (2021),33,4.680,881.000,1.192,3.550,2017,SUMUP 2024,doi:10.18739/A2M61BR5M
,1948,2017-05-13,Greenland,66.478,-46.287,2112.000,Rennermalm et al. (2021),202,26.335,916.000,10.636,7.391,2017,SUMUP 2024,doi:10.18739/A2M61BR5M
,1949,2017-05-16,Greenland,66.535,-45.959,2163.000,Rennermalm et al. (2021),152,20.485,881.000,6.850,9.940,2017,SUMUP 2024,doi:10.18739/A2M61BR5M
,1950,2017-05-08,Greenland,66.985,-44.395,2355.000,Rennermalm et al. (2021),174,23.115,872.000,4.175,6.591,2017,SUMUP 2024,doi:10.18739/A2M61BR5M
,1951,2018-04-29,Greenland,67.000,-47.029,1840.000,Rennermalm et al. (2021),24,2.873,914.000,1.348,2.675,2018,SUMUP 2024,doi:10.18739/A2M61BR5M
,1952,2018-05-19,Greenland,66.983,-45.046,2266.000,Rennermalm et al. (2021),95,17.895,875.000,8.396,12.666,2018,SUMUP 2024,doi:10.18739/A2M61BR5M
,1953,2018-05-09,Greenland,66.478,-46.287,2112.000,Rennermalm et al. (2021),159,19.538,916.000,7.996,5.457,2018,SUMUP 2024,doi:10.18739/A2M61BR5M
,1954,2018-05-18,Greenland,66.478,-46.287,2112.000,Rennermalm et al. (2021),45,5.235,868.000,4.035,3.004,2018,SUMUP 2024,doi:10.18739/A2M61BR5M
,1955,2018-05-18,Greenland,66.478,-46.287,2112.000,Rennermalm et al. (2021),47,6.310,862.000,2.677,4.813,2018,SUMUP 2024,doi:10.18739/A2M61BR5M
,1956,2018-05-18,Greenland,66.478,-46.287,2112.000,Rennermalm et al. (2021),49,5.508,914.000,4.117,4.432,2018,SUMUP 2024,doi:10.18739/A2M61BR5M
,1957,2018-05-18,Greenland,66.478,-46.287,2112.000,Rennermalm et al. (2021),49,5.843,880.000,5.228,4.355,2018,SUMUP 2024,doi:10.18739/A2M61BR5M
,1958,2019-05-19,Greenland,66.478,-46.289,2113.000,Rennermalm et al. (2021),133,20.660,901.000,6.787,6.936,2019,SUMUP 2024,doi:10.18739/A2M61BR5M
,1959,2019-05-10,Greenland,67.000,-47.030,1825.000,Rennermalm et al. (2021),41,4.685,911.000,0.633,3.670,2019,SUMUP 2024,doi:10.18739/A2M61BR5M
,1960,2019-05-07,Greenland,66.978,-46.628,1955.000,Rennermalm et al. (2021),174,20.155,914.000,2.055,3.665,2019,SUMUP 2024,doi:10.18739/A2M61BR5M
,1961,2019-05-03,Greenland,66.983,-46.120,2056.000,Rennermalm et al. (2021),130,20.385,911.000,8.825,15.364,2019,SUMUP 2024,doi:10.18739/A2M61BR5M
,1962,2019-05-06,Greenland,66.985,-45.754,2128.000,Rennermalm et al. (2021),85,10.605,912.000,6.892,5.686,2019,SUMUP 2024,doi:10.18739/A2M61BR5M
,1963,2019-05-09,Greenland,66.984,-45.754,2135.000,Rennermalm et al. (2021),124,20.343,895.000,4.405,6.454,2019,SUMUP 2024,doi:10.18739/A2M61BR5M
,1964,2019-05-21,Greenland,66.527,-46.947,1959.000,Rennermalm et al. (2021),169,21.310,912.000,4.045,12.458,2019,SUMUP 2024,doi:10.18739/A2M61BR5M
,1965,2019-05-28,Greenland,66.547,-47.024,1905.000,Rennermalm et al. (2021),119,11.078,893.000,0.932,8.191,2019,SUMUP 2024,doi:10.18739/A2M61BR5M
,1966,2019-05-27,Greenland,66.554,-47.067,1900.000,Rennermalm et al. (2021),127,11.110,906.000,8.048,5.632,2019,SUMUP 2024,doi:10.18739/A2M61BR5M
,1967,2019-05-26,Greenland,66.547,-47.024,1898.000,Rennermalm et al. (2021),92,10.592,914.000,6.330,4.327,2019,SUMUP 2024,doi:10.18739/A2M61BR5M
,1968,2019-05-23,Greenland,66.560,-47.106,1895.000,Rennermalm et al. (2021),124,10.797,914.000,0.914,3.222,2019,SUMUP 2024,doi:10.18739/A2M61BR5M
